"sim_id","parameter","true_value","abc_calibrated_value","rnn_predicted_value","abc_error_pct","rnn_error_pct"
1,"prevalence",0.0139,0.00980310251789875,0.0139,-29.474082605045,0
1,"contact_rate",8.4562038583681,7.91437214341802,1.89027404785156,-6.40750535376332,-77.6463046597324
1,"recovery_rate",0.0838077858596235,0.0845792274070124,0.0838077858596235,0.920489116227308,0
1,"transmission_prob",0.061003687173114,0.0739412638362949,0.152283847332001,21.2078601519072,149.630562329545
1,"R0",6.15527077295685,6.44064740952295,2.76462721824646,4.63629703862741,-55.0852055056158
1,"rnn_true_contact_rate",8.4562038583681,7.91437214341802,1.5214830065552,-6.40750535376332,-82.0074937638882
2,"prevalence",0.03,0.0281554985265189,0.03,-6.14833824493698,0
2,"contact_rate",6.44751302432269,7.19792115890184,1.8442941904068,11.6387222755239,-71.3952622747816
2,"recovery_rate",0.200389684957015,0.206512071043805,0.200389684957015,3.05524013778606,0
2,"transmission_prob",0.0666967007840516,0.0616153240433939,0.224633529782295,-7.61863282729679,236.798562959818
2,"R0",2.14595799717321,2.16894711824866,1.76761901378632,1.07127544461441,-17.6303070183695
2,"rnn_true_contact_rate",6.44751302432269,7.19792115890184,1.57684659827923,11.6387222755239,-75.5433359757364
3,"prevalence",0.0733,0.0814547942615521,0.0733,11.1252309161693,0
3,"contact_rate",9.77511068573222,6.31891013812907,1.8592963218689,-35.3571499977778,-80.9792811391616
3,"recovery_rate",0.191606477055318,0.187283615677918,0.191606477055318,-2.25611442986465,0
3,"transmission_prob",0.0382290931967513,0.0572104570773532,0.210137963294983,49.6516194692657,449.680742395533
3,"R0",1.9503182938097,1.92102463631706,1.82239699363708,-1.50199367896119,-6.55899606636723
3,"rnn_true_contact_rate",9.77511068573222,6.31891013812907,1.66168483919698,-35.3571499977778,-83.0008590938782
4,"prevalence",0.1186,0.125745986254041,0.1186,6.02528351942715,0
4,"contact_rate",13.4398989705369,22.386584525581,1.9063572883606,66.5681012532693,-85.8156873608966
4,"recovery_rate",0.072727922603507,0.0720017921109469,0.072727922603507,-0.998420505586029,0
4,"transmission_prob",0.0232428854186418,0.0135095190715586,0.137919247150421,-41.8767557115634,493.382640176869
4,"R0",4.29521455622118,4.09268720529656,2.89697861671448,-4.71518589522551,-32.5533432894871
4,"rnn_true_contact_rate",13.4398989705369,22.386584525581,1.52764201497298,66.5681012532693,-88.63353051744
5,"prevalence",0.0146,0.0195130491285474,0.0146,33.6510214284069,0
5,"contact_rate",8.49550929153338,5.54966010007828,1.89119327068329,-34.675368955113,-77.7389064529886
5,"recovery_rate",0.0898065839700471,0.0587833803024169,0.0898065839700471,-34.544464666396,0
5,"transmission_prob",0.016155425980023,0.0164705326361087,0.156853139400482,1.95046949845444,870.900671975094
5,"R0",1.52826847937721,1.63390844666264,2.75624871253967,6.91239587225435,80.3510803064453
5,"rnn_true_contact_rate",8.49550929153338,5.54966010007828,1.57809580599486,-34.675368955113,-81.4243531277449
6,"prevalence",0.1615,0.158576325796166,0.1615,-1.81032458441763,0
6,"contact_rate",10.2192469965667,17.6276320469428,2.0708339214325,72.4944318584832,-79.7359441245697
6,"recovery_rate",0.242252613863337,0.35281931626681,0.242252613863337,45.6410771550422,0
6,"transmission_prob",0.0111877060628534,0.0151442354565447,0.217874258756638,35.3649744770127,1847.4435378674
6,"R0",0.471945089706162,0.750964588659497,1.47991263866425,59.121178509783,213.577293406242
6,"rnn_true_contact_rate",10.2192469965667,17.6276320469428,1.64550280997745,72.4944318584832,-83.89800334085
7,"prevalence",0.0282,0.0296098314819697,0.0282,4.99940241833228,0
7,"contact_rate",14.8910000314936,15.3093473837869,1.88021671772003,2.809397296411,-87.3734691172958
7,"recovery_rate",0.153891194050062,0.156822742264134,0.153891194050062,1.90494864385692,0
7,"transmission_prob",0.126291055064758,0.119789005136897,0.229540482163429,-5.14846433464923,81.7551385929338
7,"R0",12.2203230441821,11.8219520033733,2.68667030334473,-3.25990597276741,-78.0147358328321
7,"rnn_true_contact_rate",14.8910000314936,15.3093473837869,1.80122868569296,2.809397296411,-87.9039105373483
8,"prevalence",0.0396,0.0335297580532898,0.0396,-15.3288938048238,0
8,"contact_rate",11.7448410321958,24.2493048466448,1.88960993289948,106.467714464341,-83.9111493487265
8,"recovery_rate",0.137661251530498,0.139460263156384,0.137661251530498,1.30683951067187,0
8,"transmission_prob",0.0804043753920852,0.0392788584583406,0.200266525149345,-51.1483569559486,149.074163156871
8,"R0",6.85985777968773,7.11306426872467,2.7041220664978,3.69113321542457,-60.5804937457334
8,"rnn_true_contact_rate",11.7448410321958,24.2493048466448,1.85878707231637,106.467714464341,-84.1735867925251
9,"prevalence",0.029,0.0306630520252698,0.029,5.73466215610291,0
9,"contact_rate",9.20664279721677,0.807070696827749,1.82328152656555,-91.2338219847985,-80.1960218645961
9,"recovery_rate",0.242540817352765,0.123830198389136,0.242540817352765,-48.9445942581161,0
9,"transmission_prob",0.0272147617419608,0.125220341947211,0.258679419755936,360.119192423944,850.511425411795
9,"R0",1.0330491704626,0.842880336535603,1.56953239440918,-18.4084978105966,51.9320124623253
9,"rnn_true_contact_rate",9.20664279721677,0.807070696827749,1.47161173533176,-91.2338219847985,-84.0157615784047
10,"prevalence",0.1413,0.132691547367959,0.1413,-6.09232316492655,0
10,"contact_rate",9.30873071076348,11.845815447567,1.90775072574615,27.2548945246627,-79.5057910146626
10,"recovery_rate",0.0859777907081103,0.122042059139004,0.0859777907081103,41.9460283101833,0
10,"transmission_prob",0.00667968196427023,0.00913848738807165,0.145767599344254,36.8102169677184,2082.25358817931
10,"R0",0.723202586700915,0.965627119511956,2.79872441291809,33.5209714772906,286.990376470476
10,"rnn_true_contact_rate",9.30873071076348,11.845815447567,1.65076562216867,27.2548945246627,-82.2664800018339
11,"prevalence",0.1503,0.148820785101791,0.1503,-0.984174915641208,0
11,"contact_rate",11.1116701760329,3.80988187912429,1.89976644515991,-65.7127882778421,-82.9029622454276
11,"recovery_rate",0.0972398310998569,0.0970241498259125,0.0972398310998569,-0.221803423046795,0
11,"transmission_prob",0.0134258807737214,0.0322719253926519,0.147894084453583,140.371011306894,1001.55964399042
11,"R0",1.53418570654586,1.50368678170815,2.55752778053284,-1.98795521999602,66.7026207857837
11,"rnn_true_contact_rate",11.1116701760329,3.80988187912429,1.68156536031202,-65.7127882778421,-84.8666732032865
12,"prevalence",0.1654,0.159085337054757,0.1654,-3.81781314706319,0
12,"contact_rate",12.9949901718646,4.39141623861958,1.89201736450195,-66.206852175022,-85.4404094233303
12,"recovery_rate",0.11880591087361,0.119389695378268,0.11880591087361,0.491376649836538,0
12,"transmission_prob",0.0545265453241805,0.179057206815879,0.171390354633331,228.385386881413,214.324616779501
12,"R0",5.96411336256882,5.89248610512698,2.60701179504395,-1.20097075772191,-56.2883594499439
12,"rnn_true_contact_rate",12.9949901718646,4.39141623861958,1.80715193472274,-66.206852175022,-86.0934720933042
13,"prevalence",0.0642,0.0542277661692992,0.0641,-15.5330745026492,-0.155763239875372
13,"contact_rate",11.7629493121058,8.09299694953106,1.910604596138,-31.1992533947061,-83.7574357803981
13,"recovery_rate",0.0746409922576889,0.0749611154852995,0.0746409922576889,0.428883938875574,0
13,"transmission_prob",0.063953612586965,0.104869601511128,0.137618124485016,63.9776038742533,115.184285794459
13,"R0",10.0786857252561,10.4329438791097,2.85987830162048,3.514924103307,-71.6244917285798
13,"rnn_true_contact_rate",11.7629493121058,8.09299694953106,1.55113401645311,-31.1992533947061,-86.8133919878685
14,"prevalence",0.1165,0.114943387268395,0.1165,-1.33614826747215,0
14,"contact_rate",13.0107935355045,9.36783208890611,1.90429830551147,-27.9995331311445,-85.3637036025902
14,"recovery_rate",0.0932272465442234,0.0937612674855925,0.0932272465442234,0.572816382725393,0
14,"transmission_prob",0.0466009078767541,0.0744340802887838,0.148617267608643,59.7266741790531,218.914961918107
14,"R0",6.50362220731147,6.66153511174671,2.67779612541199,2.42807622278107,-58.8260812197614
14,"rnn_true_contact_rate",13.0107935355045,9.36783208890611,1.67977492518798,-27.9995331311445,-87.0893737526145
15,"prevalence",0.1934,0.201215566814038,0.1933,4.04114106206741,-0.051706308169591
15,"contact_rate",9.97517793672159,11.0515682037111,1.87970793247223,10.7906873823977,-81.1561463424881
15,"recovery_rate",0.145637616552623,0.14946370237467,0.145637616552623,2.62712746377915,0
15,"transmission_prob",0.0222548270714631,0.0185671848272238,0.179845541715622,-16.5700781785354,708.119250435491
15,"R0",1.52430302859701,1.40175619182637,2.16261696815491,-8.03953245985648,41.8757902846533
15,"rnn_true_contact_rate",9.97517793672159,11.0515682037111,1.75127155087538,10.7906873823977,-82.4437061475522
16,"prevalence",0.0147,0.00823294867257525,0.0147,-43.9935464450663,0
16,"contact_rate",6.24632503604516,15.1866667883922,1.89410758018494,143.129627433022,-69.6764486437263
16,"recovery_rate",0.0751841286889603,0.0754839350489055,0.0751841286889603,0.398762830896865,0
16,"transmission_prob",0.0937742877634243,0.0441089359578823,0.147848710417747,-52.9626542521323,57.6644450670138
16,"R0",7.79080228245019,8.54755104826169,2.88551950454712,9.71336119665329,-62.9624857628959
16,"rnn_true_contact_rate",6.24632503604516,15.1866667883922,1.46734637827679,143.129627433022,-76.5086451664092
17,"prevalence",0.1224,0.0798723332265688,0.1224,-34.7448257952869,0
17,"contact_rate",11.1474960972555,31.9442737858979,1.90057945251465,186.560080462935,-82.9506156724956
17,"recovery_rate",0.101631076903979,0.1020025323514,0.101631076903979,0.365493959856025,0
17,"transmission_prob",0.0457905875752714,0.0212275402463651,0.153357118368149,-53.6421317776915,234.90969757935
17,"R0",5.02258179128266,5.98015263538383,2.58512449264526,19.0653111067931,-48.529967254449
17,"rnn_true_contact_rate",11.1474960972555,31.9442737858979,1.71318416069664,186.560080462935,-84.6316684415039
18,"prevalence",0.1645,0.173783589949535,0.1645,5.64351972616082,0
18,"contact_rate",10.0341264740564,13.1717726869907,1.90513491630554,31.2697494998372,-81.0134452537414
18,"recovery_rate",0.090851040799862,0.0902589850236674,0.090851040799862,-0.651677483254012,0
18,"transmission_prob",0.053568021300333,0.0401460613427888,0.147678896784782,-25.0559188705011,175.684808211993
18,"R0",5.9163692122865,5.91750560049456,2.71215581893921,0.0192075269018372,-54.1584420846
18,"rnn_true_contact_rate",10.0341264740564,13.1717726869907,1.66849959152336,31.2697494998372,-83.3717504374962
19,"prevalence",0.1736,0.171866989961754,0.1736,-0.998277671800418,0
19,"contact_rate",12.3716542241164,3.36839670518087,1.90530574321747,-72.773271511139,-84.5994261664426
19,"recovery_rate",0.0895217184783362,0.0905161634699429,0.0895217184783362,1.11084216043887,0
19,"transmission_prob",0.0334887995990243,0.126500175656046,0.144939169287682,277.738757945005,332.79893881865
19,"R0",4.62805960455414,4.62691135375028,2.67873597145081,-0.0248106312790192,-42.1196743271228
19,"rnn_true_contact_rate",12.3716542241164,3.36839670518087,1.65452202253233,-72.773271511139,-86.6265093369071
20,"prevalence",0.0751,0.0576576011902559,0.0751,-23.2255643272224,0
20,"contact_rate",12.5028639752418,12.5593314545132,1.90021073818207,0.451636356144023,-84.8017962768781
20,"recovery_rate",0.101675103638922,0.100705435099155,0.101675103638922,-0.953693190429564,0
20,"transmission_prob",0.0437180861463374,0.0486059482346783,0.152697518467903,11.1804118597044,249.277683283708
20,"R0",5.37595994282633,6.05255890125445,2.5638165473938,12.5856398787156,-52.3096047094817
20,"rnn_true_contact_rate",12.5028639752418,12.5593314545132,1.70714177796047,0.451636356144023,-86.3459941550915
21,"prevalence",0.0489,0.0422224423526514,0.0489,-13.6555371111424,0
21,"contact_rate",11.8357909633778,23.7737285334764,1.8863126039505,100.863031520553,-84.0626400906614
21,"recovery_rate",0.120233474602156,0.123939564705104,0.120233474602156,3.08241121302652,0
21,"transmission_prob",0.025095911711251,0.012743831694179,0.161735787987709,-49.2194910437716,544.47066059449
21,"R0",2.47044316096331,2.51770235845717,2.30095410346985,1.91298461104561,-6.86067423738549
21,"rnn_true_contact_rate",11.8357909633778,23.7737285334764,1.71051633161915,100.863031520553,-85.5479339157661
22,"prevalence",0.0918,0.0915849145419161,0.0918,-0.234297884623008,0
22,"contact_rate",6.08286175876856,5.17465551502071,1.89316380023956,-14.9305751102867,-68.8770865537009
22,"recovery_rate",0.116412520281417,0.085834137020211,0.116412520281417,-26.2672633384154,0
22,"transmission_prob",0.0157541477828221,0.0120119827678528,0.163334175944328,-23.7535223520605,936.769352401426
22,"R0",0.823195845760024,0.728015882614803,2.46461606025696,-11.5622501784306,199.396076031151
22,"rnn_true_contact_rate",6.08286175876856,5.17465551502071,1.75659604269447,-14.9305751102867,-71.1222100327646
23,"prevalence",0.0297,0.0283791645989216,0.0297,-4.44725724268813,0
23,"contact_rate",9.21834489796311,6.55051771901633,1.91948926448822,-28.9404140165797,-79.1775065292648
23,"recovery_rate",0.0951027609258617,0.0850478291591647,0.0951027609258617,-10.5727022736336,0
23,"transmission_prob",0.00470842037657649,0.00566603671560861,0.174429088830948,20.3383781065106,3604.62012480236
23,"R0",0.456388884332342,0.436913216293594,3.41141057014465,-4.26734057452746,647.478890756785
23,"rnn_true_contact_rate",9.21834489796311,6.55051771901633,1.85997969746238,-28.9404140165797,-79.8230624038231
24,"prevalence",0.1037,0.0995733351898466,0.1037,-3.97942604643534,0
24,"contact_rate",13.7082247482613,35.1938593960935,1.89463114738464,156.735354448849,-86.1788730329582
24,"recovery_rate",0.118863502509583,0.118391395435882,0.118863502509583,-0.397184218648833,0
24,"transmission_prob",0.0779932484704854,0.0359560703573858,0.186388865113258,-53.8984834424578,138.980769192852
24,"R0",8.99476253271438,10.0108378248147,2.93566846847534,11.2962992453083,-67.3624683497961
24,"rnn_true_contact_rate",13.7082247482613,35.1938593960935,1.87212812395144,156.735354448849,-86.3430301273044
25,"prevalence",0.1513,0.145730259793038,0.1513,-3.6812559200011,0
25,"contact_rate",12.6108272676356,30.7085575623348,1.891921043396,143.509461438308,-84.9976452516211
25,"recovery_rate",0.11849849270138,0.117048812016458,0.11849849270138,-1.22337478888907,0
25,"transmission_prob",0.111494963600046,0.0405765665671107,0.18374203145504,-63.6068166158011,64.798503467975
25,"R0",11.8654988356247,12.2109116153988,2.86787843704224,2.9110683382065,-75.8301064559394
25,"rnn_true_contact_rate",12.6108272676356,30.7085575623348,1.84954563389298,143.509461438308,-85.3336692776719
26,"prevalence",0.0551,0.0502204309950076,0.0551,-8.85584211432375,0
26,"contact_rate",13.9291621861048,20.0817187373427,1.83494257926941,44.1703274686212,-86.8266120047057
26,"recovery_rate",0.222524529384802,0.222524529384802,0.222524529384802,0,0
26,"transmission_prob",0.0458084380682616,0.0331993986278722,0.319718927145004,-27.5255825610121,597.947672148468
26,"R0",2.86742843635706,2.9293607302562,2.15330123901367,2.15985491089777,-24.9047958194435
26,"rnn_true_contact_rate",13.9291621861048,20.0817187373427,1.49869871362952,44.1703274686212,-89.2405681432544
27,"prevalence",0.1706,0.151616597680822,0.1706,-11.1274339502804,0
27,"contact_rate",5.78906985232607,2.46211766783354,1.90090453624725,-57.4695463927724,-67.1639039649269
27,"recovery_rate",0.0993750572186617,0.103261822198677,0.0993750572186617,3.91120779076696,0
27,"transmission_prob",0.0639764234759906,0.17919692877079,0.150968804955482,180.098384740185,135.975687218806
27,"R0",3.7269310304855,4.07022932538687,2.57981991767883,9.21128650069616,-30.7789734616376
27,"rnn_true_contact_rate",5.78906985232607,2.46211766783354,1.69816374984736,-57.4695463927724,-70.6660345588154
28,"prevalence",0.1125,0.116804835527974,0.1125,3.82652046931065,0
28,"contact_rate",11.4473102753982,10.2549474090121,1.84261429309845,-10.41609633792,-83.90351751836
28,"recovery_rate",0.235592462920624,0.230667879210394,0.235592462920624,-2.09029764754787,0
28,"transmission_prob",0.0480939662940023,0.0514392080674621,0.303615242242813,6.95563712298134,531.295910149703
28,"R0",2.33685979473579,2.22845610735918,1.94322776794434,-4.63886141653864,-16.8444862493753
28,"rnn_true_contact_rate",11.4473102753982,10.2549474090121,1.50786176768959,-10.41609633792,-86.8278073065758
29,"prevalence",0.0551,0.0547616454772347,0.0551,-0.614073544038749,0
29,"contact_rate",8.81490100175142,11.5364390760323,1.89380967617035,30.8742897253197,-78.5158145758634
29,"recovery_rate",0.112023312837467,0.112797712066287,0.112023312837467,0.691283991881122,0
29,"transmission_prob",0.102450726947545,0.0850703286212621,0.163170874118805,-16.9646412906193,59.2676586885994
29,"R0",8.06165246077271,8.73487305213983,2.55196762084961,8.35090069490033,-68.3443607465435
29,"rnn_true_contact_rate",8.81490100175142,11.5364390760323,1.7520275520089,30.8742897253197,-80.1242515184142
30,"prevalence",0.0218,0.0325445065005753,0.0218,49.2867270668593,0
30,"contact_rate",11.3700424903072,67.4143537759602,1.88032329082489,492.912065486384,-83.4624778893497
30,"recovery_rate",0.11749418963911,0.11702257325176,0.11749418963911,-0.401395497767291,0
30,"transmission_prob",0.0788312643369087,0.0118095151086655,0.17587061226368,-85.0192493955265,123.097540985826
30,"R0",7.6285885100223,7.18270096398031,2.56215715408325,-5.84495474433036,-66.4137454692026
30,"rnn_true_contact_rate",11.3700424903072,67.4143537759602,1.71170484182836,492.912065486384,-84.9454842117999
31,"prevalence",0.0455,0.0454235425707041,0.0455,-0.168038306144941,0
31,"contact_rate",14.9265253939666,1.04596831338074,1.8936665058136,-92.9925532850162,-87.3134138332084
31,"recovery_rate",0.105890060811284,0.0738719942954095,0.105890060811284,-30.2370838873508,0
31,"transmission_prob",0.0051129317037583,0.0510940052032983,0.164145648479462,899.309362292896,3110.40174189703
31,"R0",0.720731524083062,0.546221958802995,2.76165366172791,-24.2128392402544,283.173701919223
31,"rnn_true_contact_rate",14.9265253939666,1.04596831338074,1.78153777994708,-92.9925532850162,-88.0646183024806
32,"prevalence",0.0415,0.0401225264902674,0.0415,-3.31921327646413,0
32,"contact_rate",12.610012863297,6.59201836759883,1.90530252456665,-47.7239362159122,-84.890558437793
32,"recovery_rate",0.0792671390144078,0.0770968681285427,0.0792671390144078,-2.73792004208788,0
32,"transmission_prob",0.0117909537509499,0.0224562568728367,0.143101796507835,90.4532690667841,1113.65751685954
32,"R0",1.87573413546556,1.85611343069932,2.82548856735229,-1.04602802685413,50.6337446191973
32,"rnn_true_contact_rate",12.610012863297,6.59201836759883,1.56509841607524,-47.7239362159122,-87.5884471091172
33,"prevalence",0.06,0.0650356293629563,0.06,8.39271560492715,0
33,"contact_rate",6.85790442628786,2.70966599184106,1.8847188949585,-60.4884258600293,-72.5175683735989
33,"recovery_rate",0.182357451891259,0.180492579419337,0.182357451891259,-1.02264670436071,0
33,"transmission_prob",0.0745798427935115,0.184344671652882,0.222976759076118,147.177608249022,198.977244687244
33,"R0",2.80471913103097,2.81642856182632,2.18586897850037,0.417490317151382,-22.0646033923236
33,"rnn_true_contact_rate",6.85790442628786,2.70966599184106,1.78767284419719,-60.4884258600293,-73.9326661167128
34,"prevalence",0.0732,0.0824961997084313,0.0732,12.6997263776384,0
34,"contact_rate",11.6599841671996,9.64208182081598,1.83359491825104,-17.3062185801257,-84.2744647680648
34,"recovery_rate",0.193667855104733,0.190738207939537,0.193667855104733,-1.51271730851351,0
34,"transmission_prob",0.0739952527822759,0.0910166943747809,0.328474372625351,23.0034238042122,343.912765041639
34,"R0",4.45496479228669,4.39042765921405,2.67207264900208,-1.4486564110311,-40.0203419423541
34,"rnn_true_contact_rate",11.6599841671996,9.64208182081598,1.5754488682942,-17.3062185801257,-86.4884133142646
35,"prevalence",0.1181,0.174639157641417,0.1181,47.8739692137316,0
35,"contact_rate",8.49255348788574,4.64579556044327,1.90996265411377,-45.2956573418078,-77.5101486633173
35,"recovery_rate",0.0804593285524044,0.0794770519843316,0.0804593285524044,-1.22083614882896,0
35,"transmission_prob",0.125931552381636,0.167549638215758,0.140348419547081,33.0481797826161,11.4481771190707
35,"R0",13.292187042264,10.3402975824428,2.79755234718323,-22.207703295442,-78.95340820673
35,"rnn_true_contact_rate",8.49255348788574,4.64579556044327,1.60378851554547,-45.2956573418078,-81.1153557309565
36,"prevalence",0.1014,0.103597166191117,0.1014,2.16683056323126,0
36,"contact_rate",6.82689039269462,4.67685627566126,1.90278339385986,-31.4936082661308,-72.1281098068308
36,"recovery_rate",0.0966606405836965,0.0614299412892,0.0966606405836965,-36.4478231074736,0
36,"transmission_prob",0.0112722689174026,0.00646073725470633,0.152305334806442,-42.6846777516815,1251.15065052527
36,"R0",0.796131123396109,0.509516004942924,2.69203782081604,-36.0009940611984,238.140005044953
36,"rnn_true_contact_rate",6.82689039269462,4.67685627566126,1.70850286082435,-31.4936082661308,-74.9739227884397
37,"prevalence",0.0188,0.0149267728362745,0.0188,-20.602272147476,0
37,"contact_rate",5.43592269299552,4.55970595071056,1.89442753791809,-16.1190066851762,-65.1498440115941
37,"recovery_rate",0.0834145553193157,0.102949008173078,0.0834145553193157,23.4185182417905,0
37,"transmission_prob",0.0233699433858878,0.0309108109970853,0.152803987264633,32.2673764616439,553.848341613465
37,"R0",1.52296209095718,1.53282131847018,2.8452000617981,0.647371827016683,86.820149936227
37,"rnn_true_contact_rate",5.43592269299552,4.55970595071056,1.55317346227593,-16.1190066851762,-71.4276020835013
38,"prevalence",0.1023,0.116481154009699,0.1023,13.862320635092,0
38,"contact_rate",6.95306753972545,9.91848110957869,1.89523470401764,42.6489970492984,-72.7424666423926
38,"recovery_rate",0.109284838675906,0.107366767302534,0.109284838675906,-1.75511205086836,0
38,"transmission_prob",0.0383552401414876,0.0283777856640494,0.153814136981964,-26.0132759973152,301.025091785538
38,"R0",2.44028886748906,2.30397169016249,2.41723823547363,-5.5861082326222,-0.944586205449659
38,"rnn_true_contact_rate",6.95306753972545,9.91848110957869,1.71744610598403,42.6489970492984,-75.2994473853213
39,"prevalence",0.1814,0.137523127916766,0.1814,-24.1879118430177,0
39,"contact_rate",10.5751673178747,19.6061809461014,1.89975488185883,85.3983048850867,-82.0356990603094
39,"recovery_rate",0.103045259784976,0.103680444572583,0.103045259784976,0.616413398280507,0
39,"transmission_prob",0.113164249002203,0.0740675117032622,0.159822046756744,-34.5486650100773,41.2301571971135
39,"R0",11.6136430738993,14.1089611244352,2.74734091758728,21.4860921302461,-76.3438492116078
39,"rnn_true_contact_rate",10.5751673178747,19.6061809461014,1.77134797304633,85.3983048850867,-83.2499295774517
40,"prevalence",0.1368,0.145867543189448,0.1368,6.62832104491796,0
40,"contact_rate",12.3855348024517,13.4563178103438,1.87878799438477,8.64543215106108,-84.8307882998088
40,"recovery_rate",0.148552359751426,0.14602408735939,0.148552359751426,-1.7019402426639,0
40,"transmission_prob",0.0191345231223304,0.0165158520561846,0.179700866341591,-13.6855831180332,839.144734325132
40,"R0",1.59533852209753,1.50991419921397,2.09915709495544,-5.35462045831137,31.5806686718443
40,"rnn_true_contact_rate",12.3855348024517,13.4563178103438,1.73529903496301,8.64543215106108,-85.9893087973924
41,"prevalence",0.1488,0.154811441410366,0.1487,4.03994718438547,-0.0672043010752614
41,"contact_rate",13.0645332438871,13.8606664763965,1.89523816108704,6.09385132746235,-85.4932577711966
41,"recovery_rate",0.110346422989605,0.0966005065609001,0.110346422989605,-12.4570566551124,0
41,"transmission_prob",0.00969037377071594,0.00521488634321303,0.15493331849575,-46.1848792770792,1498.8373840022
41,"R0",1.14729781757526,1.0273042793051,2.41926383972168,-10.4587960015261,110.86624611861
41,"rnn_true_contact_rate",13.0645332438871,13.8606664763965,1.72304520146651,6.09385132746235,-86.8112762293079
42,"prevalence",0.0178,0.0192400176848238,0.0178,8.08998699339233,0
42,"contact_rate",10.2289515733719,12.2015260894716,1.89522182941437,19.2842296881602,-81.4719835574544
42,"recovery_rate",0.0849818253083244,0.081474388515133,0.0849818253083244,-4.12727872161606,0
42,"transmission_prob",0.0202001416673145,0.0158788521125231,0.152757942676544,-21.3923725187711,656.22213543046
42,"R0",2.43141718997617,2.50079551637151,2.78010249137878,2.85341103457523,14.3408257060989
42,"rnn_true_contact_rate",10.2289515733719,12.2015260894716,1.54661800311,19.2842296881602,-84.8799948653958
43,"prevalence",0.0701,0.0680245294603524,0.0701,-2.96072830192244,0
43,"contact_rate",14.7477970970795,7.73370721926302,1.88864707946777,-47.5602548071769,-87.1937004080305
43,"recovery_rate",0.126582033617218,0.129975594085718,0.126582033617218,2.68091795614736,0
43,"transmission_prob",0.0090271420351314,0.0158917062018539,0.16603048145771,76.0436042770497,1739.23639188971
43,"R0",1.05173266139189,1.08132925683743,2.28891181945801,2.81407971169877,117.632474818153
43,"rnn_true_contact_rate",14.7477970970795,7.73370721926302,1.74507181051137,-47.5602548071769,-88.1672374590985
44,"prevalence",0.1288,0.068618174589357,0.1288,-46.7250197287601,0
44,"contact_rate",6.96260024793446,7.83038077977859,1.90820634365082,12.4634547574603,-72.5934812325767
44,"recovery_rate",0.0847163938577671,0.0856465353409626,0.0847163938577671,1.09794744657939,0
44,"transmission_prob",0.166994273565667,0.254064392638333,0.143672108650208,52.1395837195744,-13.9658471021094
44,"R0",13.7247859308561,20.0691236195167,2.77180504798889,46.2254035918857,-79.8043841124158
44,"rnn_true_contact_rate",6.96260024793446,7.83038077977859,1.63439745089337,12.4634547574603,-76.5260478457279
45,"prevalence",0.0103,0.0115160810426767,0.0103,11.8066120648224,0
45,"contact_rate",13.2736886176281,9.28981101543412,1.85544955730438,-30.0133423116704,-86.0215979841484
45,"recovery_rate",0.165334032981681,0.163868489874573,0.165334032981681,-0.88641345080477,0
45,"transmission_prob",0.0301167257179679,0.0436155682894701,0.202919542789459,44.8217468854813,573.776906194008
45,"R0",2.41789323198274,2.30743802927883,1.95618343353271,-4.56824152708052,-19.0955412068137
45,"rnn_true_contact_rate",13.2736886176281,9.28981101543412,1.59385188765917,-30.0133423116704,-87.99239658566
46,"prevalence",0.078,0.0791814620994711,0.078,1.51469499932186,0
46,"contact_rate",9.73054969450459,15.172788814015,1.90278375148773,55.92941087988,-80.4452594023301
46,"recovery_rate",0.0867345821236286,0.0867345821236286,0.0867345821236286,0,0
46,"transmission_prob",0.0169961752727202,0.0101324867302469,0.144390985369682,-40.3837241752262,749.549872561257
46,"R0",1.90676111025685,1.88405380522218,2.71225309371948,-1.19088358329311,42.2439905623064
46,"rnn_true_contact_rate",9.73054969450459,15.172788814015,1.62923009421247,55.92941087988,-83.256546183279
47,"prevalence",0.1635,0.17824383566024,0.1635,9.01763648944321,0
47,"contact_rate",9.9592767865397,1.81806461943257,1.90473556518555,-81.7450136350287,-80.8747602259648
47,"recovery_rate",0.0887084605528058,0.0363848615686843,0.0887084605528058,-58.9837752318728,0
47,"transmission_prob",0.00875767460175666,0.00592793731959968,0.143872961401939,-32.3115143098532,1542.82150164703
47,"R0",0.983221947735455,0.293260586740421,2.67411208152771,-70.1735109335328,171.974409001619
47,"rnn_true_contact_rate",9.9592767865397,1.81806461943257,1.64879045921122,-81.7450136350287,-83.4446768118784
48,"prevalence",0.1312,0.12400161783343,0.1312,-5.48657177330055,0
48,"contact_rate",12.7373618399724,48.9047599441876,1.9037663936615,283.947324089628,-85.0536836624434
48,"recovery_rate",0.0933372194081072,0.0936509749728706,0.0933372194081072,0.33615268030591,0
48,"transmission_prob",0.0362465513640268,0.0102786052864079,0.146886318922043,-71.6425290141973,305.242191034542
48,"R0",4.94642376430869,4.98995855532362,2.63335061073303,0.880126594269263,-46.7625351929169
48,"rnn_true_contact_rate",12.7373618399724,48.9047599441876,1.67333231260912,283.947324089628,-86.862803038555
49,"prevalence",0.1112,0.118455376052343,0.1112,6.52461875210701,0
49,"contact_rate",6.27680265344679,3.81547850429837,2.04668235778809,-39.2130242902704,-67.3929152979792
49,"recovery_rate",0.235016753523105,0.230597331612873,0.235016753523105,-1.88047100642051,0
49,"transmission_prob",0.235068232366897,0.380330704732428,0.160155773162842,61.7958755646761,-31.8683892118314
49,"R0",6.27817754497458,6.25736482925811,1.36974716186523,-0.331508874468202,-78.1824079989318
49,"rnn_true_contact_rate",6.27680265344679,3.81547850429837,2.01000266660224,-39.2130242902704,-67.9772843344297
50,"prevalence",0.048,0.0497267995366133,0.048,3.59749903461098,0
50,"contact_rate",13.9866328658536,7.7496352621819,1.86858451366425,-44.5925596495669,-86.6402118967022
50,"recovery_rate",0.112001208982643,0.117837787816559,0.112001208982643,5.21117484974708,0
50,"transmission_prob",0.00306118751829499,0.00670384914519863,0.272601574659348,118.995050291219,8805.09232218417
50,"R0",0.38227896235085,0.321678034249983,4.12352132797241,-15.8525407017424,978.668128273275
50,"rnn_true_contact_rate",13.9866328658536,7.7496352621819,1.69419187902988,-44.5925596495669,-87.8870640612437
51,"prevalence",0.0494,0.0453589563422844,0.0494,-8.18025031926244,0
51,"contact_rate",12.4563689786009,8.47138794943576,1.90652585029602,-31.9915140279729,-84.6943691731412
51,"recovery_rate",0.0715565057123872,0.0740815865352548,0.0715565057123872,3.52879280189688,0
51,"transmission_prob",0.0335483972498396,0.0544936153474004,0.138579547405243,62.432842742319,313.07352590713
51,"R0",5.84001706936819,5.91732858500794,2.91806125640869,1.32382345327835,-50.0333437086274
51,"rnn_true_contact_rate",12.4563689786009,8.47138794943576,1.50676106880837,-31.9915140279729,-87.9036894989473
52,"prevalence",0.0661,0.080110555065192,0.0661,21.195998585767,0
52,"contact_rate",8.09066586894915,3.79374983630974,1.89334154129028,-53.1095474988082,-76.5984460122539
52,"recovery_rate",0.115136218781844,0.113243569067272,0.115136218781844,-1.64383521935706,0
52,"transmission_prob",0.0515901686492375,0.103595397041197,0.160198628902435,100.804532634006,210.521622814666
52,"R0",3.62526076572472,3.4329014111099,2.40938878059387,-5.30608325981652,-33.5388835094676
52,"rnn_true_contact_rate",8.09066586894915,3.79374983630974,1.73164973803817,-53.1095474988082,-78.5969441071099
53,"prevalence",0.1115,0.139229217422605,0.1115,24.8692532938162,0
53,"contact_rate",14.6618451620452,17.4420600065724,1.90595293045044,18.9622439317817,-87.0005929718564
53,"recovery_rate",0.0806513269681218,0.0783706262794193,0.0806513269681218,-2.82785265219991,0
53,"transmission_prob",0.02233069500903,0.0179075214120607,0.140430331230164,-19.807594860709,528.866818401206
53,"R0",4.05956361651265,3.84386340816461,2.77519011497498,-5.31338411524489,-31.6382158987082
53,"rnn_true_contact_rate",14.6618451620452,17.4420600065724,1.59383491729222,18.9622439317817,-89.129370146275
54,"prevalence",0.0794,0.0781770654309463,0.0794,-1.54021986026913,0
54,"contact_rate",7.98437648452818,8.88389740723144,1.90714418888092,11.2660133755756,-76.1140498249737
54,"recovery_rate",0.0868048292394447,0.0775396939989454,0.0868048292394447,-10.6735251041645,0
54,"transmission_prob",0.00988395078137761,0.0068804169508357,0.144627898931503,-30.3879885379526,1363.26000736464
54,"R0",0.909133568771596,0.848796268078723,2.74855327606201,-6.63679164046268,202.326673491531
54,"rnn_true_contact_rate",7.98437648452818,8.88389740723144,1.64966579440579,11.2660133755756,-79.3388275515007
55,"prevalence",0.0479,0.0482547676951764,0.0479,0.740642369888205,0
55,"contact_rate",12.3505830764771,27.0921307828654,1.87391078472137,119.359123493248,-84.8273496634306
55,"recovery_rate",0.145235365944236,0.194741507174241,0.145235365944236,34.0868361560181,0
55,"transmission_prob",0.0113578815877442,0.00663249273974808,0.183975175023079,-41.6044912203971,1519.80184070239
55,"R0",0.965856072384491,1.0415180681814,2.2047860622406,7.83367190622077,128.272733927888
55,"rnn_true_contact_rate",12.3505830764771,27.0921307828654,1.74052238590395,119.359123493248,-85.9073666795623
56,"prevalence",0.1349,0.135151353563312,0.1349,0.186325843819406,0
56,"contact_rate",6.68829867616296,4.65405647004757,1.90063917636871,-30.41494264252,-71.5826211059836
56,"recovery_rate",0.0856545133477354,0.0839835646987098,0.0856545133477354,-1.95080047007211,0
56,"transmission_prob",0.0225363888699256,0.0343288682769955,0.144020184874535,52.3263929954933,539.056175795434
56,"R0",1.75974497960536,1.75974497960536,2.72028064727783,0,54.5837992893657
56,"rnn_true_contact_rate",6.68829867616296,4.65405647004757,1.61785874122319,-30.41494264252,-75.8106086531509
57,"prevalence",0.1062,0.130004541642752,0.1062,22.4148226391264,0
57,"contact_rate",11.3261554413475,9.67655150697208,2.05614495277405,-14.5645531965184,-81.8460468477429
57,"recovery_rate",0.236166842384585,0.232295636922542,0.236166842384585,-1.63918246226057,0
57,"transmission_prob",0.220406777062385,0.243630634376366,0.298124611377716,10.5368163463536,35.2610910386539
57,"R0",10.5703298233112,9.46174116251658,2.05095648765564,-10.4877395438481,-80.5970435933552
57,"rnn_true_contact_rate",11.3261554413475,9.67655150697208,1.62471630677995,-14.5645531965184,-85.6551826858324
58,"prevalence",0.1364,0.134898053322655,0.1364,-1.10113392767212,0
58,"contact_rate",14.1958754695952,18.0895876535651,1.85946142673492,27.4284752096441,-86.9013966013049
58,"recovery_rate",0.20240158263043,0.203938228975769,0.20240158263043,0.75920668473428,0
58,"transmission_prob",0.021435116255605,0.0180398934062435,0.236281871795654,-15.8395355027467,1002.3120610968
58,"R0",1.50339852626783,1.52046157888848,1.9457756280899,1.1349653682988,29.425138716896
58,"rnn_true_contact_rate",14.1958754695952,18.0895876535651,1.66677224780797,27.4284752096441,-88.2587569088087
59,"prevalence",0.0588,0.0552387588191803,0.0588,-6.05653262044174,0
59,"contact_rate",12.4794765166007,25.8276039674313,1.90070390701294,106.96063599362,-84.7693618840137
59,"recovery_rate",0.0896052781385114,0.0916182768993341,0.0896052781385114,2.24651806527626,0
59,"transmission_prob",0.016523932933563,0.00808079650936928,0.146626204252243,-51.0964094210539,787.356568449993
59,"R0",2.30131569579558,2.29684947903806,2.67870450019836,-0.194072319833402,16.3988280744039
59,"rnn_true_contact_rate",12.4794765166007,25.8276039674313,1.63699294416867,106.96063599362,-86.8825191345881
60,"prevalence",0.03,0.0305988270279106,0.03,1.99609009303544,0
60,"contact_rate",8.25968044577166,6.54171854363547,1.90336072444916,-20.7993749082104,-76.9560004537036
60,"recovery_rate",0.0745046137578318,0.0736677169297481,0.0745046137578318,-1.12328188265484,0
60,"transmission_prob",0.0192338197641684,0.0238632609566371,0.143871858716011,24.0692761460372,648.015009395258
60,"R0",2.13228680736431,2.11453514633494,2.90915632247925,-0.832517509748457,36.4336313685315
60,"rnn_true_contact_rate",8.25968044577166,6.54171854363547,1.50651816207717,-20.7993749082104,-81.760575703042
61,"prevalence",0.168,0.163236038590625,0.168,-2.83569131510426,0
61,"contact_rate",11.3404568028636,31.9571805273187,1.88600528240204,181.798000581855,-83.3692300478955
61,"recovery_rate",0.132959147866554,0.136531466998749,0.132959147866554,2.68677950296513,0
61,"transmission_prob",0.0238206735147648,0.00817978929511859,0.170731544494629,-65.6609655052428,616.736847884691
61,"R0",2.03173172620236,2.08821182102744,2.24720358848572,2.77989924046932,10.6053303939938
61,"rnn_true_contact_rate",11.3404568028636,31.9571805273187,1.75003556075206,181.798000581855,-84.5682092778648
62,"prevalence",0.1617,0.186595502946506,0.1617,15.3961057183089,0
62,"contact_rate",14.5691699115559,0.627039335015942,1.90651798248291,-95.6961217500896,-86.9140246557856
62,"recovery_rate",0.0735110470163718,0.0273517067132415,0.0735110470163718,-62.792385874806,0
62,"transmission_prob",0.00757901145862984,0.0318893940069045,0.138318985700607,320.759279504633,1725.02673937919
62,"R0",1.5020858793892,0.792701881822159,2.89082336425781,-47.2265938519774,92.4539338212355
62,"rnn_true_contact_rate",14.5691699115559,0.627039335015942,1.53635779766312,-95.6961217500896,-89.4547334749352
63,"prevalence",0.046,0.0467867684757397,0.046,1.71036625160811,0
63,"contact_rate",13.6760762846097,7.27428055551849,1.8781076669693,-46.8101785619276,-86.2672039268835
63,"recovery_rate",0.137149511895681,0.136307948036492,0.137149511895681,-0.613610539007335,0
63,"transmission_prob",0.0439375893381089,0.0821811848559637,0.188352137804031,87.0407232030013,328.681092070442
63,"R0",4.38130486389837,4.41038906896174,2.42864680290222,0.663825183748875,-44.5679568451378
63,"rnn_true_contact_rate",13.6760762846097,7.27428055551849,1.76843080980372,-46.8101785619276,-87.0691653585334
64,"prevalence",0.1462,0.138375229000225,0.1462,-5.35210054704157,0
64,"contact_rate",10.9893943322822,13.3688874535981,1.90136992931366,21.6526320684111,-82.6981372055398
64,"recovery_rate",0.0776679811078756,0.0795297039787088,0.0776679811078756,2.39702750641525,0
64,"transmission_prob",0.0194613620218034,0.0178357502489133,0.141272902488708,-8.3530215977116,625.914775802611
64,"R0",2.75362612044531,2.7862920464111,2.83628296852112,1.18628762718544,3.00174549704087
64,"rnn_true_contact_rate",10.9893943322822,13.3688874535981,1.55931086666316,21.6526320684111,-85.8107660939734
65,"prevalence",0.0539,0.069004700163718,0.0539,28.0235624558776,0
65,"contact_rate",13.5077312751673,13.7783795037762,1.90590190887451,2.00365422657178,-85.8902885314403
65,"recovery_rate",0.142043233552028,0.142615660208252,0.142043233552028,0.402994667123363,0
65,"transmission_prob",0.0996040413123205,0.0861081004911723,0.192735508084297,-13.5495916062583,93.5016948558861
65,"R0",9.47193745399131,8.43111849503556,2.60921359062195,-10.9884483930705,-72.4532219168902
65,"rnn_true_contact_rate",13.5077312751673,13.7783795037762,1.92295202437601,2.00365422657178,-85.7640636669225
66,"prevalence",0.125,0.128075203411987,0.125,2.46016272958924,0
66,"contact_rate",10.9362724213861,7.85446403893051,1.84734082221985,-28.1796965520815,-83.1081308965261
66,"recovery_rate",0.213884505877837,0.215781321235854,0.213884505877837,0.886840937931124,0
66,"transmission_prob",0.0444703811636255,0.0602686321785487,0.294610053300858,35.5253330453695,562.486008871526
66,"R0",2.27384494773111,2.21247104218413,2.1422860622406,-2.69912447672466,-5.78574566492682
66,"rnn_true_contact_rate",10.9362724213861,7.85446403893051,1.55528228157031,-28.1796965520815,-85.7786801421577
67,"prevalence",0.0618,0.0658069031722884,0.0618,6.48366209108149,0
67,"contact_rate",11.952342807781,19.7594651489722,1.88728547096252,65.3187619092451,-84.2099118029487
67,"recovery_rate",0.124914975603624,0.123276950913128,0.124914975603624,-1.31131170028317,0
67,"transmission_prob",0.0251105932915041,0.0123285676984162,0.162861883640289,-50.9029215068866,548.578397768848
67,"R0",2.40267764274466,2.36166501688649,2.25416016578674,-1.70695498757465,-6.18133179065417
67,"rnn_true_contact_rate",11.952342807781,19.7594651489722,1.72893961326046,65.3187619092451,-85.5347220116969
68,"prevalence",0.1248,0.12413234606101,0.1248,-0.534979117780772,0
68,"contact_rate",5.34452336607501,15.9791854328421,1.91091215610504,198.982422535036,-64.2454148814321
68,"recovery_rate",0.0767801263711659,0.0767340029910715,0.0767801263711659,-0.060072029409611,0
68,"transmission_prob",0.132193127957635,0.0417116720037142,0.138169884681702,-68.4464142363875,4.52123103251067
68,"R0",9.20172047892649,9.15573943819955,2.83296060562134,-0.499700472669768,-69.2127074267329
68,"rnn_true_contact_rate",5.34452336607501,15.9791854328421,1.57425819530229,198.982422535036,-70.5444604228868
69,"prevalence",0.1432,0.135746394036205,0.1432,-5.20503209762224,0
69,"contact_rate",11.1620008689351,22.2911608065865,1.90454459190369,99.705779172844,-82.9372474140886
69,"recovery_rate",0.126270636858227,0.126270636858227,0.126270636858227,0,0
69,"transmission_prob",0.1030348663695,0.0583590854044593,0.188482463359833,-43.3598669452594,82.9307592673559
69,"R0",9.10801827378323,10.0909677295309,2.86241626739502,10.7921331095377,-68.5725678039725
69,"rnn_true_contact_rate",11.1620008689351,22.2911608065865,1.9176273409972,99.705779172844,-82.8200394936885
70,"prevalence",0.023,0.0226635252970916,0.023,-1.46293349090605,0
70,"contact_rate",10.3349333652295,0.250422599473092,1.91978335380554,-97.5769306813762,-81.4243277052526
70,"recovery_rate",0.094758700004929,0.0552299799654209,0.094758700004929,-41.7151354307857,0
70,"transmission_prob",0.00376992350414406,0.0337920398754777,0.172893300652504,796.358767978503,4486.12225055634
70,"R0",0.411169720620004,0.160012956234988,3.36477065086365,-61.0834776467236,718.341060180672
70,"rnn_true_contact_rate",10.3349333652295,0.250422599473092,1.8441506494888,-97.5769306813762,-82.1561437861496
71,"prevalence",0.0985,0.104028458258191,0.0985,5.61264797785895,0
71,"contact_rate",12.7909969072789,2.33990562589315,1.91079437732697,-81.7066203451148,-85.061411622736
71,"recovery_rate",0.0772630835662683,0.0435568280873481,0.0772630835662683,-43.6253045091198,0
71,"transmission_prob",0.00575612681485656,0.0110088553240402,0.138826459646225,91.254565407182,2311.8033551296
71,"R0",0.952933754237055,0.610588822038979,2.84669494628906,-35.9253652917528,198.729574184116
71,"rnn_true_contact_rate",12.7909969072789,2.33990562589315,1.5843120258436,-81.7066203451148,-87.6138502938577
72,"prevalence",0.1323,0.136003267893213,0.1323,2.7991442881431,0
72,"contact_rate",5.37816182244569,1.7207894878869,1.85429680347443,-68.0041332950376,-65.5217365209142
72,"recovery_rate",0.174861168276594,0.173920552479758,0.174861168276594,-0.537921487146622,0
72,"transmission_prob",0.118387473283202,0.401118135779588,0.289180874824524,238.818056214485,144.266447120428
72,"R0",3.64121431500669,3.56484297436156,2.77679109573364,-2.0974140503177,-23.7399709132875
72,"rnn_true_contact_rate",5.37816182244569,1.7207894878869,1.67906309625304,-68.0041332950376,-68.779981865821
73,"prevalence",0.0768,0.0713289949065147,0.0767,-7.12370454880897,-0.130208333333319
73,"contact_rate",11.254837482702,35.701098945677,1.88629937171936,217.20670334465,-83.2401012043178
73,"recovery_rate",0.128997231239531,0.14302796357264,0.128997231239531,10.8767701432716,0
73,"transmission_prob",0.0158915811790704,0.00554134476001135,0.164421811699867,-65.1303120968891,934.647275479517
73,"R0",1.38651939886592,1.44687924000168,2.21454691886902,4.35333549499099,59.7198654905497
73,"rnn_true_contact_rate",11.254837482702,35.701098945677,1.73742411685377,217.20670334465,-84.5628680154282
74,"prevalence",0.1066,0.105018102950837,0.1066,-1.48395595606279,0
74,"contact_rate",5.30215188395232,11.8672767697685,1.892733335495,123.820007979901,-64.3025440062627
74,"recovery_rate",0.115774422189898,0.120718731238657,0.115774422189898,4.27064022884801,0
74,"transmission_prob",0.0298295982939823,0.0150209541650554,0.157240673899651,-49.6441285698251,427.129706374128
74,"R0",1.3661140155168,1.3950471121009,2.35068678855896,2.11791228663759,72.071054235521
74,"rnn_true_contact_rate",5.30215188395232,11.8672767697685,1.73078248741496,123.820007979901,-67.3569802356397
75,"prevalence",0.1527,0.161077621099287,0.1527,5.48632684956578,0
75,"contact_rate",10.7010727934539,34.860536120436,1.90176582336426,225.766741272528,-82.2282694448391
75,"recovery_rate",0.075272294924441,0.0726037104569697,0.075272294924441,-3.54524127389768,0
75,"transmission_prob",0.0164879673292786,0.00486720247634004,0.140494227409363,-70.4802758330489,752.101563543735
75,"R0",2.34400902461937,2.29582630049839,2.87446427345276,-2.05556905348538,22.6302562516598
75,"rnn_true_contact_rate",10.7010727934539,34.860536120436,1.54004564123953,225.766741272528,-85.6084929897719
76,"prevalence",0.1636,0.164048521211761,0.1636,0.274157219902662,0
76,"contact_rate",9.22396225389093,8.09386672426564,1.82868683338165,-12.2517362768759,-80.1746062803947
76,"recovery_rate",0.243628435704453,0.243769608564522,0.243628435704453,0.0579459699195453,0
76,"transmission_prob",0.0518923323453869,0.0592455813493308,0.362426668405533,14.1702033259978,598.420464112655
76,"R0",1.96468410362766,1.99377212417416,1.99738323688507,1.48054440369276,1.66434559108179
76,"rnn_true_contact_rate",9.22396225389093,8.09386672426564,1.34266983068727,-12.2517362768759,-85.4436760067953
77,"prevalence",0.0445,0.0446706622660883,0.0445,0.383510710310878,0
77,"contact_rate",11.0036168014631,35.2783161029495,1.82979917526245,220.606549096282,-83.3709296836004
77,"recovery_rate",0.155041500903743,0.153681934397502,0.155041500903743,-0.876904892120014,0
77,"transmission_prob",0.00355476937710498,0.00139294023603405,0.337080061435699,-60.8148915368325,9382.47342307811
77,"R0",0.252289353593934,0.327704789247723,3.52204012870789,29.8924368307555,1296.03200790498
77,"rnn_true_contact_rate",11.0036168014631,35.2783161029495,1.61997830863173,220.606549096282,-85.2777651397645
78,"prevalence",0.0549,0.086531423717561,0.0549,57.6164366440091,0
78,"contact_rate",10.9252123814076,1.36666340306139,1.89177560806274,-87.4907383458544,-82.6843127435935
78,"recovery_rate",0.116066199342047,0.114289272858726,0.116066199342047,-1.53095948122202,0
78,"transmission_prob",0.0815345769834564,0.587731875176708,0.172563388943672,620.837584398041,111.644427834201
78,"R0",7.67478021182856,6.27792369483637,2.67023801803589,-18.2006061208022,-65.2076288266802
78,"rnn_true_contact_rate",10.9252123814076,1.36666340306139,1.79600308031289,-87.4907383458544,-83.5609321117702
79,"prevalence",0.1581,0.171924546543149,0.1581,8.74417871166926,0
79,"contact_rate",9.15842688409612,4.35401158527995,1.90470886230469,-52.4589578496191,-79.2026634441743
79,"recovery_rate",0.0777226419697322,0.0757337158518077,0.0777226419697322,-2.55900477327967,0
79,"transmission_prob",0.0309418648500992,0.0603889732129537,0.139938458800316,95.1691454458671,352.262523536513
79,"R0",3.64602643072239,3.63987971358923,2.82155919075012,-0.168586740934358,-22.6127609230994
79,"rnn_true_contact_rate",9.15842688409612,4.35401158527995,1.56711054744433,-52.4589578496191,-82.8888676267573
80,"prevalence",0.1237,0.120673576185128,0.1237,-2.44658352051103,0
80,"contact_rate",10.6158794905059,31.588049012075,1.89786851406097,197.554706045082,-82.122361922455
80,"recovery_rate",0.141961571044333,0.141173493977175,0.141961571044333,-0.555134084076628,0
80,"transmission_prob",0.0679426702297761,0.0251464046186694,0.198463559150696,-62.9887896168541,192.104444054833
80,"R0",5.08074962904744,5.41524628969258,2.65210008621216,6.583608425276,-47.8010081219179
80,"rnn_true_contact_rate",10.6158794905059,31.588049012075,1.89705503829855,197.554706045082,-82.1300247426967
81,"prevalence",0.1866,0.183699231890165,0.1865,-1.55453810816469,-0.0535905680600155
81,"contact_rate",10.7274425192736,60.7766168120397,1.91137540340424,466.552714711307,-82.1823757156458
81,"recovery_rate",0.124103227561774,0.149407853119117,0.124103227561774,20.3899818356837,0
81,"transmission_prob",0.00495810792472256,0.00141268047156933,0.187570795416832,-71.5076700019921,3683.11239417661
81,"R0",0.428577232129933,0.595397096509114,2.93187856674194,38.9241079256879,584.09573513067
81,"rnn_true_contact_rate",10.7274425192736,60.7766168120397,1.93983072974276,466.552714711307,-81.9171183974416
82,"prevalence",0.0191,0.0194410183625543,0.0191,1.78543645316366,0
82,"contact_rate",5.05905909929425,6.93027270115951,1.89669859409332,36.9873837237107,-62.508866631783
82,"recovery_rate",0.0725490721468938,0.0536622143161877,0.0725490721468938,-26.0332176164362,0
82,"transmission_prob",0.0172664613170253,0.00978967864355059,0.151377439498901,-43.3023451429643,776.71374417431
82,"R0",1.20404087403961,1.13041994567439,3.14757966995239,-6.11448746903589,161.418008127259
82,"rnn_true_contact_rate",5.05905909929425,6.93027270115951,1.50850737943107,36.9873837237107,-70.1820565875282
83,"prevalence",0.1134,0.119012390991813,0.1134,4.94919840547901,0
83,"contact_rate",12.5373494648375,3.64496831209784,1.90621268749237,-70.9271220179305,-84.7957282132194
83,"recovery_rate",0.0853078768353657,0.0660759670586929,0.0853078768353657,-22.5441195937723,0
83,"transmission_prob",0.0086012246452207,0.0224200314595406,0.141909047961235,160.660921953694,1549.87026632408
83,"R0",1.26408677842043,1.1242431486648,2.71211123466492,-11.0628187987519,114.551032489549
83,"rnn_true_contact_rate",12.5373494648375,3.64496831209784,1.63037138571888,-70.9271220179305,-86.9958846541571
84,"prevalence",0.0529,0.0638149056626776,0.0529,20.6330919899387,0
84,"contact_rate",12.4622642155737,16.560962184149,1.8793318271637,32.8888707354905,-84.919820390141
84,"recovery_rate",0.143211461514245,0.142948295037824,0.143211461514245,-0.183760764423455,0
84,"transmission_prob",0.0345220855236421,0.0234562930976919,0.179534271359444,-32.0542408087481,420.056273067545
84,"R0",3.00411256556771,2.99550706859949,2.1771388053894,-0.286457207591061,-27.5280550288576
84,"rnn_true_contact_rate",12.4622642155737,16.560962184149,1.73666692090759,32.8888707354905,-86.0645955593098
85,"prevalence",0.0708,0.0714794458977041,0.0708,0.959669347039698,0
85,"contact_rate",6.01168187335134,6.01168187335134,1.90293776988983,0,-68.3460001713464
85,"recovery_rate",0.0797370137134528,0.0806563441343421,0.0797370137134528,1.15295316199456,0
85,"transmission_prob",0.0335440893798371,0.0343556578978543,0.142351254820824,2.41940840553844,324.370604337791
85,"R0",2.5290186412991,2.52722240043175,2.81712484359741,-0.0710252126267513,11.3920157642776
85,"rnn_true_contact_rate",6.01168187335134,6.01168187335134,1.57799186645158,0,-73.7512413381932
86,"prevalence",0.1271,0.141745828221491,0.1271,11.5230749185609,0
86,"contact_rate",7.10744559997693,8.48311833420658,1.89093136787415,19.3553747950476,-73.3950637922535
86,"recovery_rate",0.175125700019532,0.172403046208237,0.175125700019532,-1.55468546934612,0
86,"transmission_prob",0.0651125885429932,0.0472453912186255,0.215789303183556,-27.4404653910667,231.409498550456
86,"R0",2.64258290411625,2.43605846083262,2.25353527069092,-7.81524935175853,-14.7222489337734
86,"rnn_true_contact_rate",7.10744559997693,8.48311833420658,1.82887629727759,19.3553747950476,-74.2681632725613
87,"prevalence",0.0512,0.0512,0.0512,0,0
87,"contact_rate",10.3416810976341,68.7824511648699,1.901482462883,565.099324911549,-81.613410383366
87,"recovery_rate",0.0856900763165709,0.083820100020861,0.0856900763165709,-2.18225537435799,0
87,"transmission_prob",0.0208004025142287,0.0033713812245936,0.145770788192749,-83.7917500765315,600.807535301461
87,"R0",2.51033887179514,2.53888854115526,2.73780012130737,1.13728348315373,9.06097786509488
87,"rnn_true_contact_rate",10.3416810976341,68.7824511648699,1.60939173234172,565.099324911549,-84.4378131838749
88,"prevalence",0.1666,0.172325319577672,0.1666,3.43656637315243,0
88,"contact_rate",14.1662835143507,12.8773253863365,1.87323081493378,-9.09877404831258,-86.7768366132432
88,"recovery_rate",0.211399579890385,0.131167553387626,0.211399579890385,-37.9527842696567,0
88,"transmission_prob",0.0165217676935386,0.00547700353023654,0.242989137768745,-66.8497727856414,1370.72118598892
88,"R0",1.10715473240897,0.600600005426478,1.93717062473297,-45.7528394319661,74.9683732569196
88,"rnn_true_contact_rate",14.1662835143507,12.8773253863365,1.68533071068504,-9.09877404831258,-88.1032261638857
89,"prevalence",0.1261,0.125019788775892,0.1261,-0.856630629744983,0
89,"contact_rate",8.21242299629375,11.1946007600434,1.90194845199585,36.3130073194664,-76.8405931738514
89,"recovery_rate",0.0965098187114698,0.0950283434096285,0.0965098187114698,-1.53505137779856,0
89,"transmission_prob",0.0461824558991981,0.0357151362797083,0.147862613201141,-22.6651428896216,220.170528661099
89,"R0",3.92985778976312,4.14963260264658,2.57954144477844,5.59243679137577,-34.3604378891805
89,"rnn_true_contact_rate",8.21242299629375,11.1946007600434,1.68366480075417,36.3130073194664,-79.498562098981
90,"prevalence",0.118,0.143143630268328,0.118,21.3081612443459,0
90,"contact_rate",7.0527198119089,9.82353507234367,1.90949857234955,39.2871875578568,-72.9253589639949
90,"recovery_rate",0.0726173670674385,0.0725986416927733,0.0726173670674385,-0.0257863585824305,0
90,"transmission_prob",0.0551350011827323,0.0356295102011318,0.136800467967987,-35.3776921432431,148.119098636805
90,"R0",5.35480327743027,5.0952136902882,2.88876748085022,-4.84778942741371,-46.052780444317
90,"rnn_true_contact_rate",7.0527198119089,9.82353507234367,1.53343546001955,39.2871875578568,-78.2575304150002
91,"prevalence",0.1677,0.159725529665391,0.1676,-4.75519996100698,-0.0596302921884252
91,"contact_rate",6.51273239869624,14.3810570651702,1.90198016166687,120.8144935918,-70.79597248541
91,"recovery_rate",0.0950994829963837,0.13541787705987,0.0950994829963837,42.3960181413604,0
91,"transmission_prob",0.00803734958987616,0.00745461643792703,0.152916550636292,-7.25031486353586,1802.57433655623
91,"R0",0.550424728130488,0.844195428854877,2.76027536392212,53.3716393378943,401.480987835951
91,"rnn_true_contact_rate",6.51273239869624,14.3810570651702,1.71662752621853,120.8144935918,-73.6419766523467
92,"prevalence",0.1015,0.0722386161713485,0.1015,-28.8289495848783,0
92,"contact_rate",13.0962665867992,14.1349105126874,1.90972375869751,7.93083982373363,-85.417800210157
92,"recovery_rate",0.0771259683651225,0.0796745655985499,0.0771259683651225,3.30446059537572,0
92,"transmission_prob",0.0351038901288361,0.0375959510053438,0.138294830918312,7.09910174445477,293.95870489211
92,"R0",5.96076669254298,6.82992488129131,2.82242751121521,14.5813153505179,-52.6499248033627
92,"rnn_true_contact_rate",13.0962665867992,14.1349105126874,1.57404621342222,7.93083982373363,-87.980954701939
93,"prevalence",0.0729,0.0617946529193567,0.0729,-15.2336722642569,0
93,"contact_rate",10.8615533798002,15.95445992909,1.83441269397736,46.8893018448116,-83.1109544847525
93,"recovery_rate",0.179898783720294,0.180184784234515,0.179898783720294,0.158978570230813,0
93,"transmission_prob",0.134615733893721,0.100631066628127,0.365872323513031,-25.2456873224235,171.790163698017
93,"R0",8.1275478867103,9.2210983264158,3.36148810386658,13.4548630773817,-58.6408083874462
93,"rnn_true_contact_rate",10.8615533798002,15.95445992909,1.65283784127032,46.8893018448116,-84.782675336806
94,"prevalence",0.1155,0.112560184425481,0.1155,-2.54529486971341,0
94,"contact_rate",14.9020219151862,37.5252710092546,1.87575149536133,151.813285625448,-87.4127718638649
94,"recovery_rate",0.15609660098719,0.153301330961723,0.15609660098719,-1.79073087292693,0
94,"transmission_prob",0.0251567670231627,0.0105927166810918,0.187997698783875,-57.893171760351,647.304685895363
94,"R0",2.40163265006116,2.41062026148798,2.1100013256073,0.374229232209706,-12.1430446261809
94,"rnn_true_contact_rate",14.9020219151862,37.5252710092546,1.75195780127292,151.813285625448,-88.2434892980022
95,"prevalence",0.1918,0.192364724356602,0.1918,0.294433971116637,0
95,"contact_rate",7.95887758256868,11.804785366801,1.90659141540527,48.3222382092611,-76.0444686373737
95,"recovery_rate",0.0745546171627742,0.0752373795946498,0.0745546171627742,0.915788260819447,0
95,"transmission_prob",0.0350947317424588,0.0265304114790783,0.138337433338165,-24.4034356103058,294.18290572314
95,"R0",3.74644367258291,3.64998264807246,2.86536407470703,-2.57473574783385,-23.5177591037539
95,"rnn_true_contact_rate",7.95887758256868,11.804785366801,1.54423944746424,48.3222382092611,-80.5972710166269
96,"prevalence",0.1801,0.15684618073454,0.1801,-12.9116153611658,0
96,"contact_rate",11.0477831237949,42.7982675639658,1.88991296291351,287.392358126455,-82.8932832792221
96,"recovery_rate",0.120485873093614,0.12246785825726,0.120485873093614,1.64499381774552,0
96,"transmission_prob",0.0624908633675119,0.0164688568331088,0.183688595890999,-73.6459764745853,193.944724064248
96,"R0",5.73001205848063,6.30177670130423,2.80143404006958,9.97841953887976,-51.109456463999
96,"rnn_true_contact_rate",11.0477831237949,42.7982675639658,1.83752956787936,287.392358126455,-83.3674362784906
97,"prevalence",0.1624,0.194606994961236,0.1624,19.8318934490371,0
97,"contact_rate",13.9328959980048,16.5989693722479,1.90205407142639,19.1350985080549,-86.3484657339094
97,"recovery_rate",0.0886461831176979,0.0555289717420727,0.0886461831176979,-37.358868944932,0
97,"transmission_prob",0.0107089142386264,0.00257940917317312,0.144299238920212,-75.9134388818863,1247.46843335185
97,"R0",1.68316540081855,1.0900464600108,2.67016291618347,-35.2383040026435,58.6393657382055
97,"rnn_true_contact_rate",13.9328959980048,16.5989693722479,1.64033956515159,19.1350985080549,-88.2268584694346
98,"prevalence",0.1088,0.126628885974645,0.1088,16.3868437266958,0
98,"contact_rate",6.88317862106487,5.34589855719575,1.90530669689178,-22.3338685293525,-72.319377401294
98,"recovery_rate",0.0910261386060017,0.0887986164689133,0.0910261386060017,-2.44712361877727,0
98,"transmission_prob",0.0827645299718436,0.108199958496974,0.146659135818481,30.7322817320216,77.2004696557507
98,"R0",6.25845556022647,6.24986084751855,2.68610620498657,-0.137329611518616,-57.0803662479091
98,"rnn_true_contact_rate",6.88317862106487,5.34589855719575,1.66717112003286,-22.3338685293525,-75.7790519204202
99,"prevalence",0.0174,0.0120014585140907,0.0174,-31.0261004937318,0
99,"contact_rate",8.82243548519909,13.5635289663146,1.89194142818451,53.739055265061,-78.5553384736163
99,"recovery_rate",0.142219899467445,0.144314941334095,0.142219899467445,1.47310037097106,0
99,"transmission_prob",0.402164423743646,0.312341300790968,0.205633014440536,-22.3349251324961,-48.868422391431
99,"R0",24.9477724017992,29.9440352358597,2.68976449966431,20.0268895899506,-89.2184181563628
99,"rnn_true_contact_rate",8.82243548519909,13.5635289663146,1.86029484503803,53.739055265061,-78.914044221021
100,"prevalence",0.1279,0.145761392172093,0.1279,13.9651228867026,0
100,"contact_rate",11.6409176099114,7.08333847086,1.90806317329407,-39.1513735581374,-83.6089968399958
100,"recovery_rate",0.0805931621528658,0.0796078087535515,0.0805931621528658,-1.22262655167357,0
100,"transmission_prob",0.0352631367248505,0.0547027242815918,0.139964327216148,55.1272216888237,296.914002030662
100,"R0",5.09342552538658,4.93972928671291,2.77491283416748,-3.01754168992198,-45.5197132001479
100,"rnn_true_contact_rate",11.6409176099114,7.08333847086,1.59782856426524,-39.1513735581374,-86.2740325306933
