"sim_id","day","true_preval","true_crate","true_recov","true_ptran","true_R0","calib_preval","calib_crate","calib_recov","calib_ptran","calib_R0","rnn_preval","rnn_crate","rnn_recov","rnn_ptran","rnn_R0","rnn_true_crate","observed_infected","abc_predicted_infected","rnn_predicted_infected","abc_bias","rnn_bias","abc_rel_bias","rnn_rel_bias"
4,0,0.1186,13.4398989705369,0.072727922603507,0.0232428854186418,4.29521455622118,0.125745986254041,22.386584525581,0.0720017921109469,0.0135095190715586,4.09268720529656,0.1186,1.9063572883606,0.072727922603507,0.137919247150421,2.89697861671448,1.52764201497298,1186,1257,1186,71,0,0.0598650927487352,0
4,1,0.1186,13.4398989705369,0.072727922603507,0.0232428854186418,4.29521455622118,0.125745986254041,22.386584525581,0.0720017921109469,0.0135095190715586,4.09268720529656,0.1186,1.9063572883606,0.072727922603507,0.137919247150421,2.89697861671448,1.52764201497298,1400,1460,1341,60,-59,0.0428571428571429,-0.0421428571428571
4,2,0.1186,13.4398989705369,0.072727922603507,0.0232428854186418,4.29521455622118,0.125745986254041,22.386584525581,0.0720017921109469,0.0135095190715586,4.09268720529656,0.1186,1.9063572883606,0.072727922603507,0.137919247150421,2.89697861671448,1.52764201497298,1676,1730,1496,54,-180,0.0322195704057279,-0.107398568019093
4,3,0.1186,13.4398989705369,0.072727922603507,0.0232428854186418,4.29521455622118,0.125745986254041,22.386584525581,0.0720017921109469,0.0135095190715586,4.09268720529656,0.1186,1.9063572883606,0.072727922603507,0.137919247150421,2.89697861671448,1.52764201497298,1936,1991,1643,55,-293,0.0284090909090909,-0.151342975206612
4,4,0.1186,13.4398989705369,0.072727922603507,0.0232428854186418,4.29521455622118,0.125745986254041,22.386584525581,0.0720017921109469,0.0135095190715586,4.09268720529656,0.1186,1.9063572883606,0.072727922603507,0.137919247150421,2.89697861671448,1.52764201497298,2251,2296,1817,45,-434,0.0199911150599733,-0.19280319857841
4,5,0.1186,13.4398989705369,0.072727922603507,0.0232428854186418,4.29521455622118,0.125745986254041,22.386584525581,0.0720017921109469,0.0135095190715586,4.09268720529656,0.1186,1.9063572883606,0.072727922603507,0.137919247150421,2.89697861671448,1.52764201497298,2554,2561,1978,7,-576,0.00274079874706343,-0.225528582615505
4,6,0.1186,13.4398989705369,0.072727922603507,0.0232428854186418,4.29521455622118,0.125745986254041,22.386584525581,0.0720017921109469,0.0135095190715586,4.09268720529656,0.1186,1.9063572883606,0.072727922603507,0.137919247150421,2.89697861671448,1.52764201497298,2852,2874,2135,22,-717,0.00771388499298738,-0.25140252454418
4,7,0.1186,13.4398989705369,0.072727922603507,0.0232428854186418,4.29521455622118,0.125745986254041,22.386584525581,0.0720017921109469,0.0135095190715586,4.09268720529656,0.1186,1.9063572883606,0.072727922603507,0.137919247150421,2.89697861671448,1.52764201497298,3170,3208,2259,38,-911,0.01198738170347,-0.287381703470032
4,8,0.1186,13.4398989705369,0.072727922603507,0.0232428854186418,4.29521455622118,0.125745986254041,22.386584525581,0.0720017921109469,0.0135095190715586,4.09268720529656,0.1186,1.9063572883606,0.072727922603507,0.137919247150421,2.89697861671448,1.52764201497298,3473,3478,2412,5,-1061,0.00143967751223726,-0.305499568096746
4,9,0.1186,13.4398989705369,0.072727922603507,0.0232428854186418,4.29521455622118,0.125745986254041,22.386584525581,0.0720017921109469,0.0135095190715586,4.09268720529656,0.1186,1.9063572883606,0.072727922603507,0.137919247150421,2.89697861671448,1.52764201497298,3727,3730,2559,3,-1168,0.000804936946605849,-0.313388784545211
4,10,0.1186,13.4398989705369,0.072727922603507,0.0232428854186418,4.29521455622118,0.125745986254041,22.386584525581,0.0720017921109469,0.0135095190715586,4.09268720529656,0.1186,1.9063572883606,0.072727922603507,0.137919247150421,2.89697861671448,1.52764201497298,3989,3973,2696,-16,-1293,-0.0040110303334169,-0.324141388819253
4,11,0.1186,13.4398989705369,0.072727922603507,0.0232428854186418,4.29521455622118,0.125745986254041,22.386584525581,0.0720017921109469,0.0135095190715586,4.09268720529656,0.1186,1.9063572883606,0.072727922603507,0.137919247150421,2.89697861671448,1.52764201497298,4181,4117,2806,-64,-1375,-0.0153073427409711,-0.32886869170055
4,12,0.1186,13.4398989705369,0.072727922603507,0.0232428854186418,4.29521455622118,0.125745986254041,22.386584525581,0.0720017921109469,0.0135095190715586,4.09268720529656,0.1186,1.9063572883606,0.072727922603507,0.137919247150421,2.89697861671448,1.52764201497298,4324,4261,2923,-63,-1401,-0.0145698427382054,-0.324005550416281
4,13,0.1186,13.4398989705369,0.072727922603507,0.0232428854186418,4.29521455622118,0.125745986254041,22.386584525581,0.0720017921109469,0.0135095190715586,4.09268720529656,0.1186,1.9063572883606,0.072727922603507,0.137919247150421,2.89697861671448,1.52764201497298,4384,4344,3061,-40,-1323,-0.00912408759124088,-0.301779197080292
4,14,0.1186,13.4398989705369,0.072727922603507,0.0232428854186418,4.29521455622118,0.125745986254041,22.386584525581,0.0720017921109469,0.0135095190715586,4.09268720529656,0.1186,1.9063572883606,0.072727922603507,0.137919247150421,2.89697861671448,1.52764201497298,4392,4381,3117,-11,-1275,-0.00250455373406193,-0.290300546448087
4,15,0.1186,13.4398989705369,0.072727922603507,0.0232428854186418,4.29521455622118,0.125745986254041,22.386584525581,0.0720017921109469,0.0135095190715586,4.09268720529656,0.1186,1.9063572883606,0.072727922603507,0.137919247150421,2.89697861671448,1.52764201497298,4415,4369,3170,-46,-1245,-0.0104190260475651,-0.281993204983012
4,16,0.1186,13.4398989705369,0.072727922603507,0.0232428854186418,4.29521455622118,0.125745986254041,22.386584525581,0.0720017921109469,0.0135095190715586,4.09268720529656,0.1186,1.9063572883606,0.072727922603507,0.137919247150421,2.89697861671448,1.52764201497298,4376,4360,3242,-16,-1134,-0.0036563071297989,-0.259140767824497
4,17,0.1186,13.4398989705369,0.072727922603507,0.0232428854186418,4.29521455622118,0.125745986254041,22.386584525581,0.0720017921109469,0.0135095190715586,4.09268720529656,0.1186,1.9063572883606,0.072727922603507,0.137919247150421,2.89697861671448,1.52764201497298,4269,4331,3294,62,-975,0.0145233075661747,-0.228390723822909
4,18,0.1186,13.4398989705369,0.072727922603507,0.0232428854186418,4.29521455622118,0.125745986254041,22.386584525581,0.0720017921109469,0.0135095190715586,4.09268720529656,0.1186,1.9063572883606,0.072727922603507,0.137919247150421,2.89697861671448,1.52764201497298,4175,4250,3282,75,-893,0.0179640718562874,-0.213892215568862
4,19,0.1186,13.4398989705369,0.072727922603507,0.0232428854186418,4.29521455622118,0.125745986254041,22.386584525581,0.0720017921109469,0.0135095190715586,4.09268720529656,0.1186,1.9063572883606,0.072727922603507,0.137919247150421,2.89697861671448,1.52764201497298,4037,4133,3266,96,-771,0.0237800346792172,-0.190983403517463
4,20,0.1186,13.4398989705369,0.072727922603507,0.0232428854186418,4.29521455622118,0.125745986254041,22.386584525581,0.0720017921109469,0.0135095190715586,4.09268720529656,0.1186,1.9063572883606,0.072727922603507,0.137919247150421,2.89697861671448,1.52764201497298,3909,3978,3236,69,-673,0.0176515732924021,-0.172166794576618
4,21,0.1186,13.4398989705369,0.072727922603507,0.0232428854186418,4.29521455622118,0.125745986254041,22.386584525581,0.0720017921109469,0.0135095190715586,4.09268720529656,0.1186,1.9063572883606,0.072727922603507,0.137919247150421,2.89697861671448,1.52764201497298,3773,3824,3219,51,-554,0.0135170951497482,-0.146832759077657
4,22,0.1186,13.4398989705369,0.072727922603507,0.0232428854186418,4.29521455622118,0.125745986254041,22.386584525581,0.0720017921109469,0.0135095190715586,4.09268720529656,0.1186,1.9063572883606,0.072727922603507,0.137919247150421,2.89697861671448,1.52764201497298,3603,3666,3147,63,-456,0.0174854288093256,-0.126561199000833
4,23,0.1186,13.4398989705369,0.072727922603507,0.0232428854186418,4.29521455622118,0.125745986254041,22.386584525581,0.0720017921109469,0.0135095190715586,4.09268720529656,0.1186,1.9063572883606,0.072727922603507,0.137919247150421,2.89697861671448,1.52764201497298,3413,3483,3090,70,-323,0.0205098154116613,-0.0946381482566657
4,24,0.1186,13.4398989705369,0.072727922603507,0.0232428854186418,4.29521455622118,0.125745986254041,22.386584525581,0.0720017921109469,0.0135095190715586,4.09268720529656,0.1186,1.9063572883606,0.072727922603507,0.137919247150421,2.89697861671448,1.52764201497298,3237,3318,3016,81,-221,0.0250231696014829,-0.0682730923694779
4,25,0.1186,13.4398989705369,0.072727922603507,0.0232428854186418,4.29521455622118,0.125745986254041,22.386584525581,0.0720017921109469,0.0135095190715586,4.09268720529656,0.1186,1.9063572883606,0.072727922603507,0.137919247150421,2.89697861671448,1.52764201497298,3091,3152,2936,61,-155,0.0197347136848916,-0.0501455839534131
4,26,0.1186,13.4398989705369,0.072727922603507,0.0232428854186418,4.29521455622118,0.125745986254041,22.386584525581,0.0720017921109469,0.0135095190715586,4.09268720529656,0.1186,1.9063572883606,0.072727922603507,0.137919247150421,2.89697861671448,1.52764201497298,2924,2942,2854,18,-70,0.00615595075239398,-0.0239398084815321
4,27,0.1186,13.4398989705369,0.072727922603507,0.0232428854186418,4.29521455622118,0.125745986254041,22.386584525581,0.0720017921109469,0.0135095190715586,4.09268720529656,0.1186,1.9063572883606,0.072727922603507,0.137919247150421,2.89697861671448,1.52764201497298,2757,2773,2762,16,5,0.00580340950308306,0.00181356546971346
4,28,0.1186,13.4398989705369,0.072727922603507,0.0232428854186418,4.29521455622118,0.125745986254041,22.386584525581,0.0720017921109469,0.0135095190715586,4.09268720529656,0.1186,1.9063572883606,0.072727922603507,0.137919247150421,2.89697861671448,1.52764201497298,2606,2642,2682,36,76,0.0138142747505756,0.0291634689178818
4,29,0.1186,13.4398989705369,0.072727922603507,0.0232428854186418,4.29521455622118,0.125745986254041,22.386584525581,0.0720017921109469,0.0135095190715586,4.09268720529656,0.1186,1.9063572883606,0.072727922603507,0.137919247150421,2.89697861671448,1.52764201497298,2448,2489,2631,41,183,0.0167483660130719,0.0747549019607843
4,30,0.1186,13.4398989705369,0.072727922603507,0.0232428854186418,4.29521455622118,0.125745986254041,22.386584525581,0.0720017921109469,0.0135095190715586,4.09268720529656,0.1186,1.9063572883606,0.072727922603507,0.137919247150421,2.89697861671448,1.52764201497298,2337,2358,2542,21,205,0.00898587933247754,0.087719298245614
4,31,0.1186,13.4398989705369,0.072727922603507,0.0232428854186418,4.29521455622118,0.125745986254041,22.386584525581,0.0720017921109469,0.0135095190715586,4.09268720529656,0.1186,1.9063572883606,0.072727922603507,0.137919247150421,2.89697861671448,1.52764201497298,2211,2240,2445,29,234,0.013116236996834,0.105834464043419
4,32,0.1186,13.4398989705369,0.072727922603507,0.0232428854186418,4.29521455622118,0.125745986254041,22.386584525581,0.0720017921109469,0.0135095190715586,4.09268720529656,0.1186,1.9063572883606,0.072727922603507,0.137919247150421,2.89697861671448,1.52764201497298,2065,2110,2339,45,274,0.0217917675544794,0.132687651331719
4,33,0.1186,13.4398989705369,0.072727922603507,0.0232428854186418,4.29521455622118,0.125745986254041,22.386584525581,0.0720017921109469,0.0135095190715586,4.09268720529656,0.1186,1.9063572883606,0.072727922603507,0.137919247150421,2.89697861671448,1.52764201497298,1934,1995,2228,61,294,0.031540847983454,0.152016546018614
4,34,0.1186,13.4398989705369,0.072727922603507,0.0232428854186418,4.29521455622118,0.125745986254041,22.386584525581,0.0720017921109469,0.0135095190715586,4.09268720529656,0.1186,1.9063572883606,0.072727922603507,0.137919247150421,2.89697861671448,1.52764201497298,1798,1877,2126,79,328,0.0439377085650723,0.182424916573971
4,35,0.1186,13.4398989705369,0.072727922603507,0.0232428854186418,4.29521455622118,0.125745986254041,22.386584525581,0.0720017921109469,0.0135095190715586,4.09268720529656,0.1186,1.9063572883606,0.072727922603507,0.137919247150421,2.89697861671448,1.52764201497298,1697,1763,2043,66,346,0.0388921626399529,0.203889216263995
4,36,0.1186,13.4398989705369,0.072727922603507,0.0232428854186418,4.29521455622118,0.125745986254041,22.386584525581,0.0720017921109469,0.0135095190715586,4.09268720529656,0.1186,1.9063572883606,0.072727922603507,0.137919247150421,2.89697861671448,1.52764201497298,1594,1641,1919,47,325,0.0294855708908407,0.203889585947302
4,37,0.1186,13.4398989705369,0.072727922603507,0.0232428854186418,4.29521455622118,0.125745986254041,22.386584525581,0.0720017921109469,0.0135095190715586,4.09268720529656,0.1186,1.9063572883606,0.072727922603507,0.137919247150421,2.89697861671448,1.52764201497298,1498,1548,1812,50,314,0.0333778371161549,0.209612817089453
4,38,0.1186,13.4398989705369,0.072727922603507,0.0232428854186418,4.29521455622118,0.125745986254041,22.386584525581,0.0720017921109469,0.0135095190715586,4.09268720529656,0.1186,1.9063572883606,0.072727922603507,0.137919247150421,2.89697861671448,1.52764201497298,1416,1436,1727,20,311,0.0141242937853107,0.219632768361582
4,39,0.1186,13.4398989705369,0.072727922603507,0.0232428854186418,4.29521455622118,0.125745986254041,22.386584525581,0.0720017921109469,0.0135095190715586,4.09268720529656,0.1186,1.9063572883606,0.072727922603507,0.137919247150421,2.89697861671448,1.52764201497298,1329,1360,1633,31,304,0.0233258088788563,0.228743416102333
4,40,0.1186,13.4398989705369,0.072727922603507,0.0232428854186418,4.29521455622118,0.125745986254041,22.386584525581,0.0720017921109469,0.0135095190715586,4.09268720529656,0.1186,1.9063572883606,0.072727922603507,0.137919247150421,2.89697861671448,1.52764201497298,1247,1265,1554,18,307,0.0144346431435445,0.246190858059342
4,41,0.1186,13.4398989705369,0.072727922603507,0.0232428854186418,4.29521455622118,0.125745986254041,22.386584525581,0.0720017921109469,0.0135095190715586,4.09268720529656,0.1186,1.9063572883606,0.072727922603507,0.137919247150421,2.89697861671448,1.52764201497298,1148,1194,1495,46,347,0.0400696864111498,0.302264808362369
4,42,0.1186,13.4398989705369,0.072727922603507,0.0232428854186418,4.29521455622118,0.125745986254041,22.386584525581,0.0720017921109469,0.0135095190715586,4.09268720529656,0.1186,1.9063572883606,0.072727922603507,0.137919247150421,2.89697861671448,1.52764201497298,1080,1099,1443,19,363,0.0175925925925926,0.336111111111111
4,43,0.1186,13.4398989705369,0.072727922603507,0.0232428854186418,4.29521455622118,0.125745986254041,22.386584525581,0.0720017921109469,0.0135095190715586,4.09268720529656,0.1186,1.9063572883606,0.072727922603507,0.137919247150421,2.89697861671448,1.52764201497298,999,1039,1371,40,372,0.04004004004004,0.372372372372372
4,44,0.1186,13.4398989705369,0.072727922603507,0.0232428854186418,4.29521455622118,0.125745986254041,22.386584525581,0.0720017921109469,0.0135095190715586,4.09268720529656,0.1186,1.9063572883606,0.072727922603507,0.137919247150421,2.89697861671448,1.52764201497298,930,968,1301,38,371,0.0408602150537634,0.398924731182796
4,45,0.1186,13.4398989705369,0.072727922603507,0.0232428854186418,4.29521455622118,0.125745986254041,22.386584525581,0.0720017921109469,0.0135095190715586,4.09268720529656,0.1186,1.9063572883606,0.072727922603507,0.137919247150421,2.89697861671448,1.52764201497298,871,900,1239,29,368,0.0332950631458094,0.422502870264064
4,46,0.1186,13.4398989705369,0.072727922603507,0.0232428854186418,4.29521455622118,0.125745986254041,22.386584525581,0.0720017921109469,0.0135095190715586,4.09268720529656,0.1186,1.9063572883606,0.072727922603507,0.137919247150421,2.89697861671448,1.52764201497298,814,844,1156,30,342,0.0368550368550369,0.42014742014742
4,47,0.1186,13.4398989705369,0.072727922603507,0.0232428854186418,4.29521455622118,0.125745986254041,22.386584525581,0.0720017921109469,0.0135095190715586,4.09268720529656,0.1186,1.9063572883606,0.072727922603507,0.137919247150421,2.89697861671448,1.52764201497298,755,773,1099,18,344,0.023841059602649,0.455629139072848
4,48,0.1186,13.4398989705369,0.072727922603507,0.0232428854186418,4.29521455622118,0.125745986254041,22.386584525581,0.0720017921109469,0.0135095190715586,4.09268720529656,0.1186,1.9063572883606,0.072727922603507,0.137919247150421,2.89697861671448,1.52764201497298,695,725,1050,30,355,0.0431654676258993,0.510791366906475
4,49,0.1186,13.4398989705369,0.072727922603507,0.0232428854186418,4.29521455622118,0.125745986254041,22.386584525581,0.0720017921109469,0.0135095190715586,4.09268720529656,0.1186,1.9063572883606,0.072727922603507,0.137919247150421,2.89697861671448,1.52764201497298,651,674,995,23,344,0.0353302611367127,0.528417818740399
4,50,0.1186,13.4398989705369,0.072727922603507,0.0232428854186418,4.29521455622118,0.125745986254041,22.386584525581,0.0720017921109469,0.0135095190715586,4.09268720529656,0.1186,1.9063572883606,0.072727922603507,0.137919247150421,2.89697861671448,1.52764201497298,601,640,948,39,347,0.064891846921797,0.577371048252912
22,0,0.0918,6.08286175876856,0.116412520281417,0.0157541477828221,0.823195845760024,0.0915849145419161,5.17465551502071,0.085834137020211,0.0120119827678528,0.728015882614803,0.0918,1.89316380023956,0.116412520281417,0.163334175944328,2.46461606025696,1.75659604269447,918,915,918,-3,0,-0.00326797385620915,0
22,1,0.0918,6.08286175876856,0.116412520281417,0.0157541477828221,0.823195845760024,0.0915849145419161,5.17465551502071,0.085834137020211,0.0120119827678528,0.728015882614803,0.0918,1.89316380023956,0.116412520281417,0.163334175944328,2.46461606025696,1.75659604269447,894,871,1034,-23,140,-0.0257270693512304,0.156599552572707
22,2,0.0918,6.08286175876856,0.116412520281417,0.0157541477828221,0.823195845760024,0.0915849145419161,5.17465551502071,0.085834137020211,0.0120119827678528,0.728015882614803,0.0918,1.89316380023956,0.116412520281417,0.163334175944328,2.46461606025696,1.75659604269447,861,853,1155,-8,294,-0.00929152148664344,0.341463414634146
22,3,0.0918,6.08286175876856,0.116412520281417,0.0157541477828221,0.823195845760024,0.0915849145419161,5.17465551502071,0.085834137020211,0.0120119827678528,0.728015882614803,0.0918,1.89316380023956,0.116412520281417,0.163334175944328,2.46461606025696,1.75659604269447,820,808,1320,-12,500,-0.0146341463414634,0.609756097560976
22,4,0.0918,6.08286175876856,0.116412520281417,0.0157541477828221,0.823195845760024,0.0915849145419161,5.17465551502071,0.085834137020211,0.0120119827678528,0.728015882614803,0.0918,1.89316380023956,0.116412520281417,0.163334175944328,2.46461606025696,1.75659604269447,798,775,1482,-23,684,-0.0288220551378446,0.857142857142857
22,5,0.0918,6.08286175876856,0.116412520281417,0.0157541477828221,0.823195845760024,0.0915849145419161,5.17465551502071,0.085834137020211,0.0120119827678528,0.728015882614803,0.0918,1.89316380023956,0.116412520281417,0.163334175944328,2.46461606025696,1.75659604269447,761,738,1626,-23,865,-0.0302233902759527,1.13666228646518
22,6,0.0918,6.08286175876856,0.116412520281417,0.0157541477828221,0.823195845760024,0.0915849145419161,5.17465551502071,0.085834137020211,0.0120119827678528,0.728015882614803,0.0918,1.89316380023956,0.116412520281417,0.163334175944328,2.46461606025696,1.75659604269447,750,714,1813,-36,1063,-0.048,1.41733333333333
22,7,0.0918,6.08286175876856,0.116412520281417,0.0157541477828221,0.823195845760024,0.0915849145419161,5.17465551502071,0.085834137020211,0.0120119827678528,0.728015882614803,0.0918,1.89316380023956,0.116412520281417,0.163334175944328,2.46461606025696,1.75659604269447,721,685,1973,-36,1252,-0.0499306518723994,1.73647711511789
22,8,0.0918,6.08286175876856,0.116412520281417,0.0157541477828221,0.823195845760024,0.0915849145419161,5.17465551502071,0.085834137020211,0.0120119827678528,0.728015882614803,0.0918,1.89316380023956,0.116412520281417,0.163334175944328,2.46461606025696,1.75659604269447,698,664,2124,-34,1426,-0.0487106017191977,2.04297994269341
22,9,0.0918,6.08286175876856,0.116412520281417,0.0157541477828221,0.823195845760024,0.0915849145419161,5.17465551502071,0.085834137020211,0.0120119827678528,0.728015882614803,0.0918,1.89316380023956,0.116412520281417,0.163334175944328,2.46461606025696,1.75659604269447,663,644,2241,-19,1578,-0.028657616892911,2.38009049773756
22,10,0.0918,6.08286175876856,0.116412520281417,0.0157541477828221,0.823195845760024,0.0915849145419161,5.17465551502071,0.085834137020211,0.0120119827678528,0.728015882614803,0.0918,1.89316380023956,0.116412520281417,0.163334175944328,2.46461606025696,1.75659604269447,648,624,2386,-24,1738,-0.037037037037037,2.6820987654321
22,11,0.0918,6.08286175876856,0.116412520281417,0.0157541477828221,0.823195845760024,0.0915849145419161,5.17465551502071,0.085834137020211,0.0120119827678528,0.728015882614803,0.0918,1.89316380023956,0.116412520281417,0.163334175944328,2.46461606025696,1.75659604269447,630,596,2542,-34,1912,-0.053968253968254,3.03492063492063
22,12,0.0918,6.08286175876856,0.116412520281417,0.0157541477828221,0.823195845760024,0.0915849145419161,5.17465551502071,0.085834137020211,0.0120119827678528,0.728015882614803,0.0918,1.89316380023956,0.116412520281417,0.163334175944328,2.46461606025696,1.75659604269447,616,577,2607,-39,1991,-0.0633116883116883,3.23214285714286
22,13,0.0918,6.08286175876856,0.116412520281417,0.0157541477828221,0.823195845760024,0.0915849145419161,5.17465551502071,0.085834137020211,0.0120119827678528,0.728015882614803,0.0918,1.89316380023956,0.116412520281417,0.163334175944328,2.46461606025696,1.75659604269447,614,542,2656,-72,2042,-0.117263843648208,3.3257328990228
22,14,0.0918,6.08286175876856,0.116412520281417,0.0157541477828221,0.823195845760024,0.0915849145419161,5.17465551502071,0.085834137020211,0.0120119827678528,0.728015882614803,0.0918,1.89316380023956,0.116412520281417,0.163334175944328,2.46461606025696,1.75659604269447,604,524,2700,-80,2096,-0.132450331125828,3.47019867549669
22,15,0.0918,6.08286175876856,0.116412520281417,0.0157541477828221,0.823195845760024,0.0915849145419161,5.17465551502071,0.085834137020211,0.0120119827678528,0.728015882614803,0.0918,1.89316380023956,0.116412520281417,0.163334175944328,2.46461606025696,1.75659604269447,595,498,2719,-97,2124,-0.163025210084034,3.56974789915966
22,16,0.0918,6.08286175876856,0.116412520281417,0.0157541477828221,0.823195845760024,0.0915849145419161,5.17465551502071,0.085834137020211,0.0120119827678528,0.728015882614803,0.0918,1.89316380023956,0.116412520281417,0.163334175944328,2.46461606025696,1.75659604269447,578,484,2718,-94,2140,-0.162629757785467,3.70242214532872
22,17,0.0918,6.08286175876856,0.116412520281417,0.0157541477828221,0.823195845760024,0.0915849145419161,5.17465551502071,0.085834137020211,0.0120119827678528,0.728015882614803,0.0918,1.89316380023956,0.116412520281417,0.163334175944328,2.46461606025696,1.75659604269447,547,461,2675,-86,2128,-0.157221206581353,3.89031078610603
22,18,0.0918,6.08286175876856,0.116412520281417,0.0157541477828221,0.823195845760024,0.0915849145419161,5.17465551502071,0.085834137020211,0.0120119827678528,0.728015882614803,0.0918,1.89316380023956,0.116412520281417,0.163334175944328,2.46461606025696,1.75659604269447,528,433,2622,-95,2094,-0.179924242424242,3.96590909090909
22,19,0.0918,6.08286175876856,0.116412520281417,0.0157541477828221,0.823195845760024,0.0915849145419161,5.17465551502071,0.085834137020211,0.0120119827678528,0.728015882614803,0.0918,1.89316380023956,0.116412520281417,0.163334175944328,2.46461606025696,1.75659604269447,516,427,2546,-89,2030,-0.172480620155039,3.93410852713178
22,20,0.0918,6.08286175876856,0.116412520281417,0.0157541477828221,0.823195845760024,0.0915849145419161,5.17465551502071,0.085834137020211,0.0120119827678528,0.728015882614803,0.0918,1.89316380023956,0.116412520281417,0.163334175944328,2.46461606025696,1.75659604269447,497,424,2458,-73,1961,-0.146881287726358,3.94567404426559
22,21,0.0918,6.08286175876856,0.116412520281417,0.0157541477828221,0.823195845760024,0.0915849145419161,5.17465551502071,0.085834137020211,0.0120119827678528,0.728015882614803,0.0918,1.89316380023956,0.116412520281417,0.163334175944328,2.46461606025696,1.75659604269447,492,411,2311,-81,1819,-0.164634146341463,3.69715447154472
22,22,0.0918,6.08286175876856,0.116412520281417,0.0157541477828221,0.823195845760024,0.0915849145419161,5.17465551502071,0.085834137020211,0.0120119827678528,0.728015882614803,0.0918,1.89316380023956,0.116412520281417,0.163334175944328,2.46461606025696,1.75659604269447,472,404,2245,-68,1773,-0.144067796610169,3.75635593220339
22,23,0.0918,6.08286175876856,0.116412520281417,0.0157541477828221,0.823195845760024,0.0915849145419161,5.17465551502071,0.085834137020211,0.0120119827678528,0.728015882614803,0.0918,1.89316380023956,0.116412520281417,0.163334175944328,2.46461606025696,1.75659604269447,459,378,2130,-81,1671,-0.176470588235294,3.64052287581699
22,24,0.0918,6.08286175876856,0.116412520281417,0.0157541477828221,0.823195845760024,0.0915849145419161,5.17465551502071,0.085834137020211,0.0120119827678528,0.728015882614803,0.0918,1.89316380023956,0.116412520281417,0.163334175944328,2.46461606025696,1.75659604269447,439,362,2012,-77,1573,-0.175398633257403,3.58314350797267
22,25,0.0918,6.08286175876856,0.116412520281417,0.0157541477828221,0.823195845760024,0.0915849145419161,5.17465551502071,0.085834137020211,0.0120119827678528,0.728015882614803,0.0918,1.89316380023956,0.116412520281417,0.163334175944328,2.46461606025696,1.75659604269447,423,342,1864,-81,1441,-0.191489361702128,3.40661938534279
22,26,0.0918,6.08286175876856,0.116412520281417,0.0157541477828221,0.823195845760024,0.0915849145419161,5.17465551502071,0.085834137020211,0.0120119827678528,0.728015882614803,0.0918,1.89316380023956,0.116412520281417,0.163334175944328,2.46461606025696,1.75659604269447,410,334,1763,-76,1353,-0.185365853658537,3.3
22,27,0.0918,6.08286175876856,0.116412520281417,0.0157541477828221,0.823195845760024,0.0915849145419161,5.17465551502071,0.085834137020211,0.0120119827678528,0.728015882614803,0.0918,1.89316380023956,0.116412520281417,0.163334175944328,2.46461606025696,1.75659604269447,377,314,1628,-63,1251,-0.16710875331565,3.3183023872679
22,28,0.0918,6.08286175876856,0.116412520281417,0.0157541477828221,0.823195845760024,0.0915849145419161,5.17465551502071,0.085834137020211,0.0120119827678528,0.728015882614803,0.0918,1.89316380023956,0.116412520281417,0.163334175944328,2.46461606025696,1.75659604269447,354,294,1498,-60,1144,-0.169491525423729,3.2316384180791
22,29,0.0918,6.08286175876856,0.116412520281417,0.0157541477828221,0.823195845760024,0.0915849145419161,5.17465551502071,0.085834137020211,0.0120119827678528,0.728015882614803,0.0918,1.89316380023956,0.116412520281417,0.163334175944328,2.46461606025696,1.75659604269447,346,267,1380,-79,1034,-0.228323699421965,2.98843930635838
22,30,0.0918,6.08286175876856,0.116412520281417,0.0157541477828221,0.823195845760024,0.0915849145419161,5.17465551502071,0.085834137020211,0.0120119827678528,0.728015882614803,0.0918,1.89316380023956,0.116412520281417,0.163334175944328,2.46461606025696,1.75659604269447,336,258,1276,-78,940,-0.232142857142857,2.79761904761905
22,31,0.0918,6.08286175876856,0.116412520281417,0.0157541477828221,0.823195845760024,0.0915849145419161,5.17465551502071,0.085834137020211,0.0120119827678528,0.728015882614803,0.0918,1.89316380023956,0.116412520281417,0.163334175944328,2.46461606025696,1.75659604269447,323,255,1177,-68,854,-0.210526315789474,2.64396284829721
22,32,0.0918,6.08286175876856,0.116412520281417,0.0157541477828221,0.823195845760024,0.0915849145419161,5.17465551502071,0.085834137020211,0.0120119827678528,0.728015882614803,0.0918,1.89316380023956,0.116412520281417,0.163334175944328,2.46461606025696,1.75659604269447,305,237,1098,-68,793,-0.222950819672131,2.6
22,33,0.0918,6.08286175876856,0.116412520281417,0.0157541477828221,0.823195845760024,0.0915849145419161,5.17465551502071,0.085834137020211,0.0120119827678528,0.728015882614803,0.0918,1.89316380023956,0.116412520281417,0.163334175944328,2.46461606025696,1.75659604269447,283,225,1005,-58,722,-0.204946996466431,2.55123674911661
22,34,0.0918,6.08286175876856,0.116412520281417,0.0157541477828221,0.823195845760024,0.0915849145419161,5.17465551502071,0.085834137020211,0.0120119827678528,0.728015882614803,0.0918,1.89316380023956,0.116412520281417,0.163334175944328,2.46461606025696,1.75659604269447,275,212,945,-63,670,-0.229090909090909,2.43636363636364
22,35,0.0918,6.08286175876856,0.116412520281417,0.0157541477828221,0.823195845760024,0.0915849145419161,5.17465551502071,0.085834137020211,0.0120119827678528,0.728015882614803,0.0918,1.89316380023956,0.116412520281417,0.163334175944328,2.46461606025696,1.75659604269447,264,194,859,-70,595,-0.265151515151515,2.25378787878788
22,36,0.0918,6.08286175876856,0.116412520281417,0.0157541477828221,0.823195845760024,0.0915849145419161,5.17465551502071,0.085834137020211,0.0120119827678528,0.728015882614803,0.0918,1.89316380023956,0.116412520281417,0.163334175944328,2.46461606025696,1.75659604269447,252,188,808,-64,556,-0.253968253968254,2.20634920634921
22,37,0.0918,6.08286175876856,0.116412520281417,0.0157541477828221,0.823195845760024,0.0915849145419161,5.17465551502071,0.085834137020211,0.0120119827678528,0.728015882614803,0.0918,1.89316380023956,0.116412520281417,0.163334175944328,2.46461606025696,1.75659604269447,242,184,747,-58,505,-0.239669421487603,2.08677685950413
22,38,0.0918,6.08286175876856,0.116412520281417,0.0157541477828221,0.823195845760024,0.0915849145419161,5.17465551502071,0.085834137020211,0.0120119827678528,0.728015882614803,0.0918,1.89316380023956,0.116412520281417,0.163334175944328,2.46461606025696,1.75659604269447,243,178,693,-65,450,-0.267489711934156,1.85185185185185
22,39,0.0918,6.08286175876856,0.116412520281417,0.0157541477828221,0.823195845760024,0.0915849145419161,5.17465551502071,0.085834137020211,0.0120119827678528,0.728015882614803,0.0918,1.89316380023956,0.116412520281417,0.163334175944328,2.46461606025696,1.75659604269447,234,179,662,-55,428,-0.235042735042735,1.82905982905983
22,40,0.0918,6.08286175876856,0.116412520281417,0.0157541477828221,0.823195845760024,0.0915849145419161,5.17465551502071,0.085834137020211,0.0120119827678528,0.728015882614803,0.0918,1.89316380023956,0.116412520281417,0.163334175944328,2.46461606025696,1.75659604269447,226,173,617,-53,391,-0.234513274336283,1.73008849557522
22,41,0.0918,6.08286175876856,0.116412520281417,0.0157541477828221,0.823195845760024,0.0915849145419161,5.17465551502071,0.085834137020211,0.0120119827678528,0.728015882614803,0.0918,1.89316380023956,0.116412520281417,0.163334175944328,2.46461606025696,1.75659604269447,202,158,552,-44,350,-0.217821782178218,1.73267326732673
22,42,0.0918,6.08286175876856,0.116412520281417,0.0157541477828221,0.823195845760024,0.0915849145419161,5.17465551502071,0.085834137020211,0.0120119827678528,0.728015882614803,0.0918,1.89316380023956,0.116412520281417,0.163334175944328,2.46461606025696,1.75659604269447,206,148,507,-58,301,-0.281553398058252,1.46116504854369
22,43,0.0918,6.08286175876856,0.116412520281417,0.0157541477828221,0.823195845760024,0.0915849145419161,5.17465551502071,0.085834137020211,0.0120119827678528,0.728015882614803,0.0918,1.89316380023956,0.116412520281417,0.163334175944328,2.46461606025696,1.75659604269447,197,143,472,-54,275,-0.274111675126904,1.39593908629442
22,44,0.0918,6.08286175876856,0.116412520281417,0.0157541477828221,0.823195845760024,0.0915849145419161,5.17465551502071,0.085834137020211,0.0120119827678528,0.728015882614803,0.0918,1.89316380023956,0.116412520281417,0.163334175944328,2.46461606025696,1.75659604269447,191,139,426,-52,235,-0.272251308900524,1.2303664921466
22,45,0.0918,6.08286175876856,0.116412520281417,0.0157541477828221,0.823195845760024,0.0915849145419161,5.17465551502071,0.085834137020211,0.0120119827678528,0.728015882614803,0.0918,1.89316380023956,0.116412520281417,0.163334175944328,2.46461606025696,1.75659604269447,181,130,385,-51,204,-0.281767955801105,1.12707182320442
22,46,0.0918,6.08286175876856,0.116412520281417,0.0157541477828221,0.823195845760024,0.0915849145419161,5.17465551502071,0.085834137020211,0.0120119827678528,0.728015882614803,0.0918,1.89316380023956,0.116412520281417,0.163334175944328,2.46461606025696,1.75659604269447,177,123,342,-54,165,-0.305084745762712,0.932203389830508
22,47,0.0918,6.08286175876856,0.116412520281417,0.0157541477828221,0.823195845760024,0.0915849145419161,5.17465551502071,0.085834137020211,0.0120119827678528,0.728015882614803,0.0918,1.89316380023956,0.116412520281417,0.163334175944328,2.46461606025696,1.75659604269447,176,118,312,-58,136,-0.329545454545455,0.772727272727273
22,48,0.0918,6.08286175876856,0.116412520281417,0.0157541477828221,0.823195845760024,0.0915849145419161,5.17465551502071,0.085834137020211,0.0120119827678528,0.728015882614803,0.0918,1.89316380023956,0.116412520281417,0.163334175944328,2.46461606025696,1.75659604269447,170,112,279,-58,109,-0.341176470588235,0.641176470588235
22,49,0.0918,6.08286175876856,0.116412520281417,0.0157541477828221,0.823195845760024,0.0915849145419161,5.17465551502071,0.085834137020211,0.0120119827678528,0.728015882614803,0.0918,1.89316380023956,0.116412520281417,0.163334175944328,2.46461606025696,1.75659604269447,154,108,256,-46,102,-0.298701298701299,0.662337662337662
22,50,0.0918,6.08286175876856,0.116412520281417,0.0157541477828221,0.823195845760024,0.0915849145419161,5.17465551502071,0.085834137020211,0.0120119827678528,0.728015882614803,0.0918,1.89316380023956,0.116412520281417,0.163334175944328,2.46461606025696,1.75659604269447,154,99,230,-55,76,-0.357142857142857,0.493506493506494
40,0,0.1368,12.3855348024517,0.148552359751426,0.0191345231223304,1.59533852209753,0.145867543189448,13.4563178103438,0.14602408735939,0.0165158520561846,1.50991419921397,0.1368,1.87878799438477,0.148552359751426,0.179700866341591,2.09915709495544,1.73529903496301,1368,1458,1368,90,0,0.0657894736842105,0
40,1,0.1368,12.3855348024517,0.148552359751426,0.0191345231223304,1.59533852209753,0.145867543189448,13.4563178103438,0.14602408735939,0.0165158520561846,1.50991419921397,0.1368,1.87878799438477,0.148552359751426,0.179700866341591,2.09915709495544,1.73529903496301,1429,1509,1546,80,117,0.0559832050384885,0.0818754373687894
40,2,0.1368,12.3855348024517,0.148552359751426,0.0191345231223304,1.59533852209753,0.145867543189448,13.4563178103438,0.14602408735939,0.0165158520561846,1.50991419921397,0.1368,1.87878799438477,0.148552359751426,0.179700866341591,2.09915709495544,1.73529903496301,1478,1548,1731,70,253,0.047361299052774,0.171177266576455
40,3,0.1368,12.3855348024517,0.148552359751426,0.0191345231223304,1.59533852209753,0.145867543189448,13.4563178103438,0.14602408735939,0.0165158520561846,1.50991419921397,0.1368,1.87878799438477,0.148552359751426,0.179700866341591,2.09915709495544,1.73529903496301,1552,1608,1874,56,322,0.0360824742268041,0.207474226804124
40,4,0.1368,12.3855348024517,0.148552359751426,0.0191345231223304,1.59533852209753,0.145867543189448,13.4563178103438,0.14602408735939,0.0165158520561846,1.50991419921397,0.1368,1.87878799438477,0.148552359751426,0.179700866341591,2.09915709495544,1.73529903496301,1620,1596,2056,-24,436,-0.0148148148148148,0.269135802469136
40,5,0.1368,12.3855348024517,0.148552359751426,0.0191345231223304,1.59533852209753,0.145867543189448,13.4563178103438,0.14602408735939,0.0165158520561846,1.50991419921397,0.1368,1.87878799438477,0.148552359751426,0.179700866341591,2.09915709495544,1.73529903496301,1646,1639,2172,-7,526,-0.00425273390036452,0.319562575941677
40,6,0.1368,12.3855348024517,0.148552359751426,0.0191345231223304,1.59533852209753,0.145867543189448,13.4563178103438,0.14602408735939,0.0165158520561846,1.50991419921397,0.1368,1.87878799438477,0.148552359751426,0.179700866341591,2.09915709495544,1.73529903496301,1697,1687,2289,-10,592,-0.00589275191514437,0.348850913376547
40,7,0.1368,12.3855348024517,0.148552359751426,0.0191345231223304,1.59533852209753,0.145867543189448,13.4563178103438,0.14602408735939,0.0165158520561846,1.50991419921397,0.1368,1.87878799438477,0.148552359751426,0.179700866341591,2.09915709495544,1.73529903496301,1683,1703,2348,20,665,0.011883541295306,0.395127748068925
40,8,0.1368,12.3855348024517,0.148552359751426,0.0191345231223304,1.59533852209753,0.145867543189448,13.4563178103438,0.14602408735939,0.0165158520561846,1.50991419921397,0.1368,1.87878799438477,0.148552359751426,0.179700866341591,2.09915709495544,1.73529903496301,1689,1681,2387,-8,698,-0.00473653049141504,0.413262285375962
40,9,0.1368,12.3855348024517,0.148552359751426,0.0191345231223304,1.59533852209753,0.145867543189448,13.4563178103438,0.14602408735939,0.0165158520561846,1.50991419921397,0.1368,1.87878799438477,0.148552359751426,0.179700866341591,2.09915709495544,1.73529903496301,1715,1666,2403,-49,688,-0.0285714285714286,0.401166180758017
40,10,0.1368,12.3855348024517,0.148552359751426,0.0191345231223304,1.59533852209753,0.145867543189448,13.4563178103438,0.14602408735939,0.0165158520561846,1.50991419921397,0.1368,1.87878799438477,0.148552359751426,0.179700866341591,2.09915709495544,1.73529903496301,1723,1638,2355,-85,632,-0.0493325594892629,0.36680208937899
40,11,0.1368,12.3855348024517,0.148552359751426,0.0191345231223304,1.59533852209753,0.145867543189448,13.4563178103438,0.14602408735939,0.0165158520561846,1.50991419921397,0.1368,1.87878799438477,0.148552359751426,0.179700866341591,2.09915709495544,1.73529903496301,1711,1608,2313,-103,602,-0.0601987142022209,0.351841028638223
40,12,0.1368,12.3855348024517,0.148552359751426,0.0191345231223304,1.59533852209753,0.145867543189448,13.4563178103438,0.14602408735939,0.0165158520561846,1.50991419921397,0.1368,1.87878799438477,0.148552359751426,0.179700866341591,2.09915709495544,1.73529903496301,1660,1556,2286,-104,626,-0.0626506024096386,0.37710843373494
40,13,0.1368,12.3855348024517,0.148552359751426,0.0191345231223304,1.59533852209753,0.145867543189448,13.4563178103438,0.14602408735939,0.0165158520561846,1.50991419921397,0.1368,1.87878799438477,0.148552359751426,0.179700866341591,2.09915709495544,1.73529903496301,1598,1469,2225,-129,627,-0.0807259073842303,0.392365456821026
40,14,0.1368,12.3855348024517,0.148552359751426,0.0191345231223304,1.59533852209753,0.145867543189448,13.4563178103438,0.14602408735939,0.0165158520561846,1.50991419921397,0.1368,1.87878799438477,0.148552359751426,0.179700866341591,2.09915709495544,1.73529903496301,1562,1444,2093,-118,531,-0.0755441741357234,0.339948783610755
40,15,0.1368,12.3855348024517,0.148552359751426,0.0191345231223304,1.59533852209753,0.145867543189448,13.4563178103438,0.14602408735939,0.0165158520561846,1.50991419921397,0.1368,1.87878799438477,0.148552359751426,0.179700866341591,2.09915709495544,1.73529903496301,1528,1374,1985,-154,457,-0.100785340314136,0.299083769633508
40,16,0.1368,12.3855348024517,0.148552359751426,0.0191345231223304,1.59533852209753,0.145867543189448,13.4563178103438,0.14602408735939,0.0165158520561846,1.50991419921397,0.1368,1.87878799438477,0.148552359751426,0.179700866341591,2.09915709495544,1.73529903496301,1468,1331,1885,-137,417,-0.0933242506811989,0.284059945504087
40,17,0.1368,12.3855348024517,0.148552359751426,0.0191345231223304,1.59533852209753,0.145867543189448,13.4563178103438,0.14602408735939,0.0165158520561846,1.50991419921397,0.1368,1.87878799438477,0.148552359751426,0.179700866341591,2.09915709495544,1.73529903496301,1393,1288,1786,-105,393,-0.0753768844221105,0.282124910265614
40,18,0.1368,12.3855348024517,0.148552359751426,0.0191345231223304,1.59533852209753,0.145867543189448,13.4563178103438,0.14602408735939,0.0165158520561846,1.50991419921397,0.1368,1.87878799438477,0.148552359751426,0.179700866341591,2.09915709495544,1.73529903496301,1344,1261,1682,-83,338,-0.0617559523809524,0.251488095238095
40,19,0.1368,12.3855348024517,0.148552359751426,0.0191345231223304,1.59533852209753,0.145867543189448,13.4563178103438,0.14602408735939,0.0165158520561846,1.50991419921397,0.1368,1.87878799438477,0.148552359751426,0.179700866341591,2.09915709495544,1.73529903496301,1246,1215,1583,-31,337,-0.0248796147672552,0.270465489566613
40,20,0.1368,12.3855348024517,0.148552359751426,0.0191345231223304,1.59533852209753,0.145867543189448,13.4563178103438,0.14602408735939,0.0165158520561846,1.50991419921397,0.1368,1.87878799438477,0.148552359751426,0.179700866341591,2.09915709495544,1.73529903496301,1210,1140,1458,-70,248,-0.0578512396694215,0.20495867768595
40,21,0.1368,12.3855348024517,0.148552359751426,0.0191345231223304,1.59533852209753,0.145867543189448,13.4563178103438,0.14602408735939,0.0165158520561846,1.50991419921397,0.1368,1.87878799438477,0.148552359751426,0.179700866341591,2.09915709495544,1.73529903496301,1139,1071,1369,-68,230,-0.0597014925373134,0.201931518876207
40,22,0.1368,12.3855348024517,0.148552359751426,0.0191345231223304,1.59533852209753,0.145867543189448,13.4563178103438,0.14602408735939,0.0165158520561846,1.50991419921397,0.1368,1.87878799438477,0.148552359751426,0.179700866341591,2.09915709495544,1.73529903496301,1081,1016,1276,-65,195,-0.0601295097132285,0.180388529139685
40,23,0.1368,12.3855348024517,0.148552359751426,0.0191345231223304,1.59533852209753,0.145867543189448,13.4563178103438,0.14602408735939,0.0165158520561846,1.50991419921397,0.1368,1.87878799438477,0.148552359751426,0.179700866341591,2.09915709495544,1.73529903496301,1009,955,1141,-54,132,-0.0535183349851338,0.130822596630327
40,24,0.1368,12.3855348024517,0.148552359751426,0.0191345231223304,1.59533852209753,0.145867543189448,13.4563178103438,0.14602408735939,0.0165158520561846,1.50991419921397,0.1368,1.87878799438477,0.148552359751426,0.179700866341591,2.09915709495544,1.73529903496301,947,929,1070,-18,123,-0.0190073917634636,0.129883843717001
40,25,0.1368,12.3855348024517,0.148552359751426,0.0191345231223304,1.59533852209753,0.145867543189448,13.4563178103438,0.14602408735939,0.0165158520561846,1.50991419921397,0.1368,1.87878799438477,0.148552359751426,0.179700866341591,2.09915709495544,1.73529903496301,879,901,991,22,112,0.025028441410694,0.127417519908987
40,26,0.1368,12.3855348024517,0.148552359751426,0.0191345231223304,1.59533852209753,0.145867543189448,13.4563178103438,0.14602408735939,0.0165158520561846,1.50991419921397,0.1368,1.87878799438477,0.148552359751426,0.179700866341591,2.09915709495544,1.73529903496301,825,839,914,14,89,0.016969696969697,0.107878787878788
40,27,0.1368,12.3855348024517,0.148552359751426,0.0191345231223304,1.59533852209753,0.145867543189448,13.4563178103438,0.14602408735939,0.0165158520561846,1.50991419921397,0.1368,1.87878799438477,0.148552359751426,0.179700866341591,2.09915709495544,1.73529903496301,788,796,829,8,41,0.0101522842639594,0.0520304568527919
40,28,0.1368,12.3855348024517,0.148552359751426,0.0191345231223304,1.59533852209753,0.145867543189448,13.4563178103438,0.14602408735939,0.0165158520561846,1.50991419921397,0.1368,1.87878799438477,0.148552359751426,0.179700866341591,2.09915709495544,1.73529903496301,736,776,738,40,2,0.0543478260869565,0.00271739130434783
40,29,0.1368,12.3855348024517,0.148552359751426,0.0191345231223304,1.59533852209753,0.145867543189448,13.4563178103438,0.14602408735939,0.0165158520561846,1.50991419921397,0.1368,1.87878799438477,0.148552359751426,0.179700866341591,2.09915709495544,1.73529903496301,684,749,671,65,-13,0.0950292397660819,-0.0190058479532164
40,30,0.1368,12.3855348024517,0.148552359751426,0.0191345231223304,1.59533852209753,0.145867543189448,13.4563178103438,0.14602408735939,0.0165158520561846,1.50991419921397,0.1368,1.87878799438477,0.148552359751426,0.179700866341591,2.09915709495544,1.73529903496301,629,721,609,92,-20,0.146263910969793,-0.0317965023847377
40,31,0.1368,12.3855348024517,0.148552359751426,0.0191345231223304,1.59533852209753,0.145867543189448,13.4563178103438,0.14602408735939,0.0165158520561846,1.50991419921397,0.1368,1.87878799438477,0.148552359751426,0.179700866341591,2.09915709495544,1.73529903496301,576,674,556,98,-20,0.170138888888889,-0.0347222222222222
40,32,0.1368,12.3855348024517,0.148552359751426,0.0191345231223304,1.59533852209753,0.145867543189448,13.4563178103438,0.14602408735939,0.0165158520561846,1.50991419921397,0.1368,1.87878799438477,0.148552359751426,0.179700866341591,2.09915709495544,1.73529903496301,528,618,503,90,-25,0.170454545454545,-0.0473484848484848
40,33,0.1368,12.3855348024517,0.148552359751426,0.0191345231223304,1.59533852209753,0.145867543189448,13.4563178103438,0.14602408735939,0.0165158520561846,1.50991419921397,0.1368,1.87878799438477,0.148552359751426,0.179700866341591,2.09915709495544,1.73529903496301,492,567,449,75,-43,0.152439024390244,-0.0873983739837398
40,34,0.1368,12.3855348024517,0.148552359751426,0.0191345231223304,1.59533852209753,0.145867543189448,13.4563178103438,0.14602408735939,0.0165158520561846,1.50991419921397,0.1368,1.87878799438477,0.148552359751426,0.179700866341591,2.09915709495544,1.73529903496301,478,526,399,48,-79,0.100418410041841,-0.165271966527197
40,35,0.1368,12.3855348024517,0.148552359751426,0.0191345231223304,1.59533852209753,0.145867543189448,13.4563178103438,0.14602408735939,0.0165158520561846,1.50991419921397,0.1368,1.87878799438477,0.148552359751426,0.179700866341591,2.09915709495544,1.73529903496301,426,488,359,62,-67,0.145539906103286,-0.157276995305164
40,36,0.1368,12.3855348024517,0.148552359751426,0.0191345231223304,1.59533852209753,0.145867543189448,13.4563178103438,0.14602408735939,0.0165158520561846,1.50991419921397,0.1368,1.87878799438477,0.148552359751426,0.179700866341591,2.09915709495544,1.73529903496301,385,450,328,65,-57,0.168831168831169,-0.148051948051948
40,37,0.1368,12.3855348024517,0.148552359751426,0.0191345231223304,1.59533852209753,0.145867543189448,13.4563178103438,0.14602408735939,0.0165158520561846,1.50991419921397,0.1368,1.87878799438477,0.148552359751426,0.179700866341591,2.09915709495544,1.73529903496301,363,404,305,41,-58,0.112947658402204,-0.159779614325069
40,38,0.1368,12.3855348024517,0.148552359751426,0.0191345231223304,1.59533852209753,0.145867543189448,13.4563178103438,0.14602408735939,0.0165158520561846,1.50991419921397,0.1368,1.87878799438477,0.148552359751426,0.179700866341591,2.09915709495544,1.73529903496301,334,355,282,21,-52,0.062874251497006,-0.155688622754491
40,39,0.1368,12.3855348024517,0.148552359751426,0.0191345231223304,1.59533852209753,0.145867543189448,13.4563178103438,0.14602408735939,0.0165158520561846,1.50991419921397,0.1368,1.87878799438477,0.148552359751426,0.179700866341591,2.09915709495544,1.73529903496301,323,327,251,4,-72,0.0123839009287926,-0.222910216718266
40,40,0.1368,12.3855348024517,0.148552359751426,0.0191345231223304,1.59533852209753,0.145867543189448,13.4563178103438,0.14602408735939,0.0165158520561846,1.50991419921397,0.1368,1.87878799438477,0.148552359751426,0.179700866341591,2.09915709495544,1.73529903496301,296,303,237,7,-59,0.0236486486486486,-0.199324324324324
40,41,0.1368,12.3855348024517,0.148552359751426,0.0191345231223304,1.59533852209753,0.145867543189448,13.4563178103438,0.14602408735939,0.0165158520561846,1.50991419921397,0.1368,1.87878799438477,0.148552359751426,0.179700866341591,2.09915709495544,1.73529903496301,278,279,216,1,-62,0.00359712230215827,-0.223021582733813
40,42,0.1368,12.3855348024517,0.148552359751426,0.0191345231223304,1.59533852209753,0.145867543189448,13.4563178103438,0.14602408735939,0.0165158520561846,1.50991419921397,0.1368,1.87878799438477,0.148552359751426,0.179700866341591,2.09915709495544,1.73529903496301,261,253,201,-8,-60,-0.0306513409961686,-0.229885057471264
40,43,0.1368,12.3855348024517,0.148552359751426,0.0191345231223304,1.59533852209753,0.145867543189448,13.4563178103438,0.14602408735939,0.0165158520561846,1.50991419921397,0.1368,1.87878799438477,0.148552359751426,0.179700866341591,2.09915709495544,1.73529903496301,238,245,186,7,-52,0.0294117647058824,-0.218487394957983
40,44,0.1368,12.3855348024517,0.148552359751426,0.0191345231223304,1.59533852209753,0.145867543189448,13.4563178103438,0.14602408735939,0.0165158520561846,1.50991419921397,0.1368,1.87878799438477,0.148552359751426,0.179700866341591,2.09915709495544,1.73529903496301,210,225,175,15,-35,0.0714285714285714,-0.166666666666667
40,45,0.1368,12.3855348024517,0.148552359751426,0.0191345231223304,1.59533852209753,0.145867543189448,13.4563178103438,0.14602408735939,0.0165158520561846,1.50991419921397,0.1368,1.87878799438477,0.148552359751426,0.179700866341591,2.09915709495544,1.73529903496301,193,215,161,22,-32,0.113989637305699,-0.16580310880829
40,46,0.1368,12.3855348024517,0.148552359751426,0.0191345231223304,1.59533852209753,0.145867543189448,13.4563178103438,0.14602408735939,0.0165158520561846,1.50991419921397,0.1368,1.87878799438477,0.148552359751426,0.179700866341591,2.09915709495544,1.73529903496301,178,203,147,25,-31,0.140449438202247,-0.174157303370787
40,47,0.1368,12.3855348024517,0.148552359751426,0.0191345231223304,1.59533852209753,0.145867543189448,13.4563178103438,0.14602408735939,0.0165158520561846,1.50991419921397,0.1368,1.87878799438477,0.148552359751426,0.179700866341591,2.09915709495544,1.73529903496301,168,189,135,21,-33,0.125,-0.196428571428571
40,48,0.1368,12.3855348024517,0.148552359751426,0.0191345231223304,1.59533852209753,0.145867543189448,13.4563178103438,0.14602408735939,0.0165158520561846,1.50991419921397,0.1368,1.87878799438477,0.148552359751426,0.179700866341591,2.09915709495544,1.73529903496301,150,183,118,33,-32,0.22,-0.213333333333333
40,49,0.1368,12.3855348024517,0.148552359751426,0.0191345231223304,1.59533852209753,0.145867543189448,13.4563178103438,0.14602408735939,0.0165158520561846,1.50991419921397,0.1368,1.87878799438477,0.148552359751426,0.179700866341591,2.09915709495544,1.73529903496301,143,168,101,25,-42,0.174825174825175,-0.293706293706294
40,50,0.1368,12.3855348024517,0.148552359751426,0.0191345231223304,1.59533852209753,0.145867543189448,13.4563178103438,0.14602408735939,0.0165158520561846,1.50991419921397,0.1368,1.87878799438477,0.148552359751426,0.179700866341591,2.09915709495544,1.73529903496301,131,145,95,14,-36,0.106870229007634,-0.274809160305344
58,0,0.1364,14.1958754695952,0.20240158263043,0.021435116255605,1.50339852626783,0.134898053322655,18.0895876535651,0.203938228975769,0.0180398934062435,1.52046157888848,0.1364,1.85946142673492,0.20240158263043,0.236281871795654,1.9457756280899,1.66677224780797,1364,1348,1364,-16,0,-0.0117302052785924,0
58,1,0.1364,14.1958754695952,0.20240158263043,0.021435116255605,1.50339852626783,0.134898053322655,18.0895876535651,0.203938228975769,0.0180398934062435,1.52046157888848,0.1364,1.85946142673492,0.20240158263043,0.236281871795654,1.9457756280899,1.66677224780797,1453,1456,1521,3,68,0.00206469373709566,0.0467997247075017
58,2,0.1364,14.1958754695952,0.20240158263043,0.021435116255605,1.50339852626783,0.134898053322655,18.0895876535651,0.203938228975769,0.0180398934062435,1.52046157888848,0.1364,1.85946142673492,0.20240158263043,0.236281871795654,1.9457756280899,1.66677224780797,1495,1558,1696,63,201,0.0421404682274247,0.134448160535117
58,3,0.1364,14.1958754695952,0.20240158263043,0.021435116255605,1.50339852626783,0.134898053322655,18.0895876535651,0.203938228975769,0.0180398934062435,1.52046157888848,0.1364,1.85946142673492,0.20240158263043,0.236281871795654,1.9457756280899,1.66677224780797,1518,1616,1825,98,307,0.0645586297760211,0.202239789196311
58,4,0.1364,14.1958754695952,0.20240158263043,0.021435116255605,1.50339852626783,0.134898053322655,18.0895876535651,0.203938228975769,0.0180398934062435,1.52046157888848,0.1364,1.85946142673492,0.20240158263043,0.236281871795654,1.9457756280899,1.66677224780797,1545,1667,1890,122,345,0.0789644012944984,0.223300970873786
58,5,0.1364,14.1958754695952,0.20240158263043,0.021435116255605,1.50339852626783,0.134898053322655,18.0895876535651,0.203938228975769,0.0180398934062435,1.52046157888848,0.1364,1.85946142673492,0.20240158263043,0.236281871795654,1.9457756280899,1.66677224780797,1545,1679,1971,134,426,0.0867313915857605,0.275728155339806
58,6,0.1364,14.1958754695952,0.20240158263043,0.021435116255605,1.50339852626783,0.134898053322655,18.0895876535651,0.203938228975769,0.0180398934062435,1.52046157888848,0.1364,1.85946142673492,0.20240158263043,0.236281871795654,1.9457756280899,1.66677224780797,1558,1730,2035,172,477,0.110397946084724,0.306161745827985
58,7,0.1364,14.1958754695952,0.20240158263043,0.021435116255605,1.50339852626783,0.134898053322655,18.0895876535651,0.203938228975769,0.0180398934062435,1.52046157888848,0.1364,1.85946142673492,0.20240158263043,0.236281871795654,1.9457756280899,1.66677224780797,1574,1736,2066,162,492,0.10292249047014,0.312579415501906
58,8,0.1364,14.1958754695952,0.20240158263043,0.021435116255605,1.50339852626783,0.134898053322655,18.0895876535651,0.203938228975769,0.0180398934062435,1.52046157888848,0.1364,1.85946142673492,0.20240158263043,0.236281871795654,1.9457756280899,1.66677224780797,1556,1657,2067,101,511,0.0649100257069409,0.32840616966581
58,9,0.1364,14.1958754695952,0.20240158263043,0.021435116255605,1.50339852626783,0.134898053322655,18.0895876535651,0.203938228975769,0.0180398934062435,1.52046157888848,0.1364,1.85946142673492,0.20240158263043,0.236281871795654,1.9457756280899,1.66677224780797,1485,1656,2011,171,526,0.115151515151515,0.354208754208754
58,10,0.1364,14.1958754695952,0.20240158263043,0.021435116255605,1.50339852626783,0.134898053322655,18.0895876535651,0.203938228975769,0.0180398934062435,1.52046157888848,0.1364,1.85946142673492,0.20240158263043,0.236281871795654,1.9457756280899,1.66677224780797,1426,1604,1942,178,516,0.124824684431978,0.361851332398317
58,11,0.1364,14.1958754695952,0.20240158263043,0.021435116255605,1.50339852626783,0.134898053322655,18.0895876535651,0.203938228975769,0.0180398934062435,1.52046157888848,0.1364,1.85946142673492,0.20240158263043,0.236281871795654,1.9457756280899,1.66677224780797,1402,1522,1861,120,459,0.0855920114122682,0.327389443651926
58,12,0.1364,14.1958754695952,0.20240158263043,0.021435116255605,1.50339852626783,0.134898053322655,18.0895876535651,0.203938228975769,0.0180398934062435,1.52046157888848,0.1364,1.85946142673492,0.20240158263043,0.236281871795654,1.9457756280899,1.66677224780797,1327,1444,1776,117,449,0.0881688018085908,0.33835719668425
58,13,0.1364,14.1958754695952,0.20240158263043,0.021435116255605,1.50339852626783,0.134898053322655,18.0895876535651,0.203938228975769,0.0180398934062435,1.52046157888848,0.1364,1.85946142673492,0.20240158263043,0.236281871795654,1.9457756280899,1.66677224780797,1262,1382,1677,120,415,0.0950871632329636,0.328843106180666
58,14,0.1364,14.1958754695952,0.20240158263043,0.021435116255605,1.50339852626783,0.134898053322655,18.0895876535651,0.203938228975769,0.0180398934062435,1.52046157888848,0.1364,1.85946142673492,0.20240158263043,0.236281871795654,1.9457756280899,1.66677224780797,1180,1306,1548,126,368,0.106779661016949,0.311864406779661
58,15,0.1364,14.1958754695952,0.20240158263043,0.021435116255605,1.50339852626783,0.134898053322655,18.0895876535651,0.203938228975769,0.0180398934062435,1.52046157888848,0.1364,1.85946142673492,0.20240158263043,0.236281871795654,1.9457756280899,1.66677224780797,1084,1212,1410,128,326,0.118081180811808,0.300738007380074
58,16,0.1364,14.1958754695952,0.20240158263043,0.021435116255605,1.50339852626783,0.134898053322655,18.0895876535651,0.203938228975769,0.0180398934062435,1.52046157888848,0.1364,1.85946142673492,0.20240158263043,0.236281871795654,1.9457756280899,1.66677224780797,995,1109,1263,114,268,0.114572864321608,0.269346733668342
58,17,0.1364,14.1958754695952,0.20240158263043,0.021435116255605,1.50339852626783,0.134898053322655,18.0895876535651,0.203938228975769,0.0180398934062435,1.52046157888848,0.1364,1.85946142673492,0.20240158263043,0.236281871795654,1.9457756280899,1.66677224780797,952,1033,1144,81,192,0.0850840336134454,0.201680672268908
58,18,0.1364,14.1958754695952,0.20240158263043,0.021435116255605,1.50339852626783,0.134898053322655,18.0895876535651,0.203938228975769,0.0180398934062435,1.52046157888848,0.1364,1.85946142673492,0.20240158263043,0.236281871795654,1.9457756280899,1.66677224780797,826,939,1011,113,185,0.13680387409201,0.223970944309927
58,19,0.1364,14.1958754695952,0.20240158263043,0.021435116255605,1.50339852626783,0.134898053322655,18.0895876535651,0.203938228975769,0.0180398934062435,1.52046157888848,0.1364,1.85946142673492,0.20240158263043,0.236281871795654,1.9457756280899,1.66677224780797,751,837,902,86,151,0.114513981358189,0.201065246338216
58,20,0.1364,14.1958754695952,0.20240158263043,0.021435116255605,1.50339852626783,0.134898053322655,18.0895876535651,0.203938228975769,0.0180398934062435,1.52046157888848,0.1364,1.85946142673492,0.20240158263043,0.236281871795654,1.9457756280899,1.66677224780797,699,749,836,50,137,0.0715307582260372,0.195994277539342
58,21,0.1364,14.1958754695952,0.20240158263043,0.021435116255605,1.50339852626783,0.134898053322655,18.0895876535651,0.203938228975769,0.0180398934062435,1.52046157888848,0.1364,1.85946142673492,0.20240158263043,0.236281871795654,1.9457756280899,1.66677224780797,660,690,737,30,77,0.0454545454545455,0.116666666666667
58,22,0.1364,14.1958754695952,0.20240158263043,0.021435116255605,1.50339852626783,0.134898053322655,18.0895876535651,0.203938228975769,0.0180398934062435,1.52046157888848,0.1364,1.85946142673492,0.20240158263043,0.236281871795654,1.9457756280899,1.66677224780797,597,624,638,27,41,0.0452261306532663,0.0686767169179229
58,23,0.1364,14.1958754695952,0.20240158263043,0.021435116255605,1.50339852626783,0.134898053322655,18.0895876535651,0.203938228975769,0.0180398934062435,1.52046157888848,0.1364,1.85946142673492,0.20240158263043,0.236281871795654,1.9457756280899,1.66677224780797,544,560,587,16,43,0.0294117647058824,0.0790441176470588
58,24,0.1364,14.1958754695952,0.20240158263043,0.021435116255605,1.50339852626783,0.134898053322655,18.0895876535651,0.203938228975769,0.0180398934062435,1.52046157888848,0.1364,1.85946142673492,0.20240158263043,0.236281871795654,1.9457756280899,1.66677224780797,488,492,501,4,13,0.00819672131147541,0.0266393442622951
58,25,0.1364,14.1958754695952,0.20240158263043,0.021435116255605,1.50339852626783,0.134898053322655,18.0895876535651,0.203938228975769,0.0180398934062435,1.52046157888848,0.1364,1.85946142673492,0.20240158263043,0.236281871795654,1.9457756280899,1.66677224780797,424,446,433,22,9,0.0518867924528302,0.0212264150943396
58,26,0.1364,14.1958754695952,0.20240158263043,0.021435116255605,1.50339852626783,0.134898053322655,18.0895876535651,0.203938228975769,0.0180398934062435,1.52046157888848,0.1364,1.85946142673492,0.20240158263043,0.236281871795654,1.9457756280899,1.66677224780797,381,384,406,3,25,0.0078740157480315,0.0656167979002625
58,27,0.1364,14.1958754695952,0.20240158263043,0.021435116255605,1.50339852626783,0.134898053322655,18.0895876535651,0.203938228975769,0.0180398934062435,1.52046157888848,0.1364,1.85946142673492,0.20240158263043,0.236281871795654,1.9457756280899,1.66677224780797,353,343,376,-10,23,-0.028328611898017,0.0651558073654391
58,28,0.1364,14.1958754695952,0.20240158263043,0.021435116255605,1.50339852626783,0.134898053322655,18.0895876535651,0.203938228975769,0.0180398934062435,1.52046157888848,0.1364,1.85946142673492,0.20240158263043,0.236281871795654,1.9457756280899,1.66677224780797,329,301,333,-28,4,-0.0851063829787234,0.0121580547112462
58,29,0.1364,14.1958754695952,0.20240158263043,0.021435116255605,1.50339852626783,0.134898053322655,18.0895876535651,0.203938228975769,0.0180398934062435,1.52046157888848,0.1364,1.85946142673492,0.20240158263043,0.236281871795654,1.9457756280899,1.66677224780797,302,269,284,-33,-18,-0.109271523178808,-0.0596026490066225
58,30,0.1364,14.1958754695952,0.20240158263043,0.021435116255605,1.50339852626783,0.134898053322655,18.0895876535651,0.203938228975769,0.0180398934062435,1.52046157888848,0.1364,1.85946142673492,0.20240158263043,0.236281871795654,1.9457756280899,1.66677224780797,275,246,245,-29,-30,-0.105454545454545,-0.109090909090909
58,31,0.1364,14.1958754695952,0.20240158263043,0.021435116255605,1.50339852626783,0.134898053322655,18.0895876535651,0.203938228975769,0.0180398934062435,1.52046157888848,0.1364,1.85946142673492,0.20240158263043,0.236281871795654,1.9457756280899,1.66677224780797,254,215,220,-39,-34,-0.153543307086614,-0.133858267716535
58,32,0.1364,14.1958754695952,0.20240158263043,0.021435116255605,1.50339852626783,0.134898053322655,18.0895876535651,0.203938228975769,0.0180398934062435,1.52046157888848,0.1364,1.85946142673492,0.20240158263043,0.236281871795654,1.9457756280899,1.66677224780797,222,197,191,-25,-31,-0.112612612612613,-0.13963963963964
58,33,0.1364,14.1958754695952,0.20240158263043,0.021435116255605,1.50339852626783,0.134898053322655,18.0895876535651,0.203938228975769,0.0180398934062435,1.52046157888848,0.1364,1.85946142673492,0.20240158263043,0.236281871795654,1.9457756280899,1.66677224780797,202,167,167,-35,-35,-0.173267326732673,-0.173267326732673
58,34,0.1364,14.1958754695952,0.20240158263043,0.021435116255605,1.50339852626783,0.134898053322655,18.0895876535651,0.203938228975769,0.0180398934062435,1.52046157888848,0.1364,1.85946142673492,0.20240158263043,0.236281871795654,1.9457756280899,1.66677224780797,185,150,133,-35,-52,-0.189189189189189,-0.281081081081081
58,35,0.1364,14.1958754695952,0.20240158263043,0.021435116255605,1.50339852626783,0.134898053322655,18.0895876535651,0.203938228975769,0.0180398934062435,1.52046157888848,0.1364,1.85946142673492,0.20240158263043,0.236281871795654,1.9457756280899,1.66677224780797,165,138,115,-27,-50,-0.163636363636364,-0.303030303030303
58,36,0.1364,14.1958754695952,0.20240158263043,0.021435116255605,1.50339852626783,0.134898053322655,18.0895876535651,0.203938228975769,0.0180398934062435,1.52046157888848,0.1364,1.85946142673492,0.20240158263043,0.236281871795654,1.9457756280899,1.66677224780797,139,123,93,-16,-46,-0.115107913669065,-0.330935251798561
58,37,0.1364,14.1958754695952,0.20240158263043,0.021435116255605,1.50339852626783,0.134898053322655,18.0895876535651,0.203938228975769,0.0180398934062435,1.52046157888848,0.1364,1.85946142673492,0.20240158263043,0.236281871795654,1.9457756280899,1.66677224780797,130,109,77,-21,-53,-0.161538461538462,-0.407692307692308
58,38,0.1364,14.1958754695952,0.20240158263043,0.021435116255605,1.50339852626783,0.134898053322655,18.0895876535651,0.203938228975769,0.0180398934062435,1.52046157888848,0.1364,1.85946142673492,0.20240158263043,0.236281871795654,1.9457756280899,1.66677224780797,115,98,67,-17,-48,-0.147826086956522,-0.417391304347826
58,39,0.1364,14.1958754695952,0.20240158263043,0.021435116255605,1.50339852626783,0.134898053322655,18.0895876535651,0.203938228975769,0.0180398934062435,1.52046157888848,0.1364,1.85946142673492,0.20240158263043,0.236281871795654,1.9457756280899,1.66677224780797,109,96,48,-13,-61,-0.119266055045872,-0.559633027522936
58,40,0.1364,14.1958754695952,0.20240158263043,0.021435116255605,1.50339852626783,0.134898053322655,18.0895876535651,0.203938228975769,0.0180398934062435,1.52046157888848,0.1364,1.85946142673492,0.20240158263043,0.236281871795654,1.9457756280899,1.66677224780797,94,82,44,-12,-50,-0.127659574468085,-0.531914893617021
58,41,0.1364,14.1958754695952,0.20240158263043,0.021435116255605,1.50339852626783,0.134898053322655,18.0895876535651,0.203938228975769,0.0180398934062435,1.52046157888848,0.1364,1.85946142673492,0.20240158263043,0.236281871795654,1.9457756280899,1.66677224780797,86,64,42,-22,-44,-0.255813953488372,-0.511627906976744
58,42,0.1364,14.1958754695952,0.20240158263043,0.021435116255605,1.50339852626783,0.134898053322655,18.0895876535651,0.203938228975769,0.0180398934062435,1.52046157888848,0.1364,1.85946142673492,0.20240158263043,0.236281871795654,1.9457756280899,1.66677224780797,74,55,35,-19,-39,-0.256756756756757,-0.527027027027027
58,43,0.1364,14.1958754695952,0.20240158263043,0.021435116255605,1.50339852626783,0.134898053322655,18.0895876535651,0.203938228975769,0.0180398934062435,1.52046157888848,0.1364,1.85946142673492,0.20240158263043,0.236281871795654,1.9457756280899,1.66677224780797,69,54,29,-15,-40,-0.217391304347826,-0.579710144927536
58,44,0.1364,14.1958754695952,0.20240158263043,0.021435116255605,1.50339852626783,0.134898053322655,18.0895876535651,0.203938228975769,0.0180398934062435,1.52046157888848,0.1364,1.85946142673492,0.20240158263043,0.236281871795654,1.9457756280899,1.66677224780797,56,43,23,-13,-33,-0.232142857142857,-0.589285714285714
58,45,0.1364,14.1958754695952,0.20240158263043,0.021435116255605,1.50339852626783,0.134898053322655,18.0895876535651,0.203938228975769,0.0180398934062435,1.52046157888848,0.1364,1.85946142673492,0.20240158263043,0.236281871795654,1.9457756280899,1.66677224780797,51,38,23,-13,-28,-0.254901960784314,-0.549019607843137
58,46,0.1364,14.1958754695952,0.20240158263043,0.021435116255605,1.50339852626783,0.134898053322655,18.0895876535651,0.203938228975769,0.0180398934062435,1.52046157888848,0.1364,1.85946142673492,0.20240158263043,0.236281871795654,1.9457756280899,1.66677224780797,45,33,22,-12,-23,-0.266666666666667,-0.511111111111111
58,47,0.1364,14.1958754695952,0.20240158263043,0.021435116255605,1.50339852626783,0.134898053322655,18.0895876535651,0.203938228975769,0.0180398934062435,1.52046157888848,0.1364,1.85946142673492,0.20240158263043,0.236281871795654,1.9457756280899,1.66677224780797,36,32,20,-4,-16,-0.111111111111111,-0.444444444444444
58,48,0.1364,14.1958754695952,0.20240158263043,0.021435116255605,1.50339852626783,0.134898053322655,18.0895876535651,0.203938228975769,0.0180398934062435,1.52046157888848,0.1364,1.85946142673492,0.20240158263043,0.236281871795654,1.9457756280899,1.66677224780797,32,30,12,-2,-20,-0.0625,-0.625
58,49,0.1364,14.1958754695952,0.20240158263043,0.021435116255605,1.50339852626783,0.134898053322655,18.0895876535651,0.203938228975769,0.0180398934062435,1.52046157888848,0.1364,1.85946142673492,0.20240158263043,0.236281871795654,1.9457756280899,1.66677224780797,34,26,10,-8,-24,-0.235294117647059,-0.705882352941177
58,50,0.1364,14.1958754695952,0.20240158263043,0.021435116255605,1.50339852626783,0.134898053322655,18.0895876535651,0.203938228975769,0.0180398934062435,1.52046157888848,0.1364,1.85946142673492,0.20240158263043,0.236281871795654,1.9457756280899,1.66677224780797,31,21,7,-10,-24,-0.32258064516129,-0.774193548387097
76,0,0.1636,9.22396225389093,0.243628435704453,0.0518923323453869,1.96468410362766,0.164048521211761,8.09386672426564,0.243769608564522,0.0592455813493308,1.99377212417416,0.1636,1.82868683338165,0.243628435704453,0.362426668405533,1.99738323688507,1.34266983068727,1636,1640,1636,4,0,0.00244498777506112,0
76,1,0.1636,9.22396225389093,0.243628435704453,0.0518923323453869,1.96468410362766,0.164048521211761,8.09386672426564,0.243769608564522,0.0592455813493308,1.99377212417416,0.1636,1.82868683338165,0.243628435704453,0.362426668405533,1.99738323688507,1.34266983068727,1844,1895,1879,51,35,0.0276572668112798,0.0189804772234273
76,2,0.1636,9.22396225389093,0.243628435704453,0.0518923323453869,1.96468410362766,0.164048521211761,8.09386672426564,0.243769608564522,0.0592455813493308,1.99377212417416,0.1636,1.82868683338165,0.243628435704453,0.362426668405533,1.99738323688507,1.34266983068727,2060,2124,2078,64,18,0.0310679611650485,0.0087378640776699
76,3,0.1636,9.22396225389093,0.243628435704453,0.0518923323453869,1.96468410362766,0.164048521211761,8.09386672426564,0.243769608564522,0.0592455813493308,1.99377212417416,0.1636,1.82868683338165,0.243628435704453,0.362426668405533,1.99738323688507,1.34266983068727,2146,2249,2222,103,76,0.0479962721342032,0.0354147250698975
76,4,0.1636,9.22396225389093,0.243628435704453,0.0518923323453869,1.96468410362766,0.164048521211761,8.09386672426564,0.243769608564522,0.0592455813493308,1.99377212417416,0.1636,1.82868683338165,0.243628435704453,0.362426668405533,1.99738323688507,1.34266983068727,2199,2312,2358,113,159,0.0513869940882219,0.0723055934515689
76,5,0.1636,9.22396225389093,0.243628435704453,0.0518923323453869,1.96468410362766,0.164048521211761,8.09386672426564,0.243769608564522,0.0592455813493308,1.99377212417416,0.1636,1.82868683338165,0.243628435704453,0.362426668405533,1.99738323688507,1.34266983068727,2280,2346,2385,66,105,0.0289473684210526,0.0460526315789474
76,6,0.1636,9.22396225389093,0.243628435704453,0.0518923323453869,1.96468410362766,0.164048521211761,8.09386672426564,0.243769608564522,0.0592455813493308,1.99377212417416,0.1636,1.82868683338165,0.243628435704453,0.362426668405533,1.99738323688507,1.34266983068727,2280,2284,2368,4,88,0.00175438596491228,0.0385964912280702
76,7,0.1636,9.22396225389093,0.243628435704453,0.0518923323453869,1.96468410362766,0.164048521211761,8.09386672426564,0.243769608564522,0.0592455813493308,1.99377212417416,0.1636,1.82868683338165,0.243628435704453,0.362426668405533,1.99738323688507,1.34266983068727,2207,2202,2294,-5,87,-0.00226551880380607,0.0394200271862256
76,8,0.1636,9.22396225389093,0.243628435704453,0.0518923323453869,1.96468410362766,0.164048521211761,8.09386672426564,0.243769608564522,0.0592455813493308,1.99377212417416,0.1636,1.82868683338165,0.243628435704453,0.362426668405533,1.99738323688507,1.34266983068727,2099,2027,2156,-72,57,-0.0343020485945688,0.0271557884707003
76,9,0.1636,9.22396225389093,0.243628435704453,0.0518923323453869,1.96468410362766,0.164048521211761,8.09386672426564,0.243769608564522,0.0592455813493308,1.99377212417416,0.1636,1.82868683338165,0.243628435704453,0.362426668405533,1.99738323688507,1.34266983068727,1946,1815,1998,-131,52,-0.0673175745118191,0.02672147995889
76,10,0.1636,9.22396225389093,0.243628435704453,0.0518923323453869,1.96468410362766,0.164048521211761,8.09386672426564,0.243769608564522,0.0592455813493308,1.99377212417416,0.1636,1.82868683338165,0.243628435704453,0.362426668405533,1.99738323688507,1.34266983068727,1807,1676,1765,-131,-42,-0.0724958494742667,-0.0232429441062535
76,11,0.1636,9.22396225389093,0.243628435704453,0.0518923323453869,1.96468410362766,0.164048521211761,8.09386672426564,0.243769608564522,0.0592455813493308,1.99377212417416,0.1636,1.82868683338165,0.243628435704453,0.362426668405533,1.99738323688507,1.34266983068727,1591,1464,1545,-127,-46,-0.0798240100565682,-0.0289126335637964
76,12,0.1636,9.22396225389093,0.243628435704453,0.0518923323453869,1.96468410362766,0.164048521211761,8.09386672426564,0.243769608564522,0.0592455813493308,1.99377212417416,0.1636,1.82868683338165,0.243628435704453,0.362426668405533,1.99738323688507,1.34266983068727,1446,1307,1329,-139,-117,-0.0961272475795297,-0.0809128630705394
76,13,0.1636,9.22396225389093,0.243628435704453,0.0518923323453869,1.96468410362766,0.164048521211761,8.09386672426564,0.243769608564522,0.0592455813493308,1.99377212417416,0.1636,1.82868683338165,0.243628435704453,0.362426668405533,1.99738323688507,1.34266983068727,1290,1176,1153,-114,-137,-0.0883720930232558,-0.106201550387597
76,14,0.1636,9.22396225389093,0.243628435704453,0.0518923323453869,1.96468410362766,0.164048521211761,8.09386672426564,0.243769608564522,0.0592455813493308,1.99377212417416,0.1636,1.82868683338165,0.243628435704453,0.362426668405533,1.99738323688507,1.34266983068727,1089,1015,974,-74,-115,-0.0679522497704316,-0.105601469237833
76,15,0.1636,9.22396225389093,0.243628435704453,0.0518923323453869,1.96468410362766,0.164048521211761,8.09386672426564,0.243769608564522,0.0592455813493308,1.99377212417416,0.1636,1.82868683338165,0.243628435704453,0.362426668405533,1.99738323688507,1.34266983068727,919,875,851,-44,-68,-0.0478781284004353,-0.073993471164309
76,16,0.1636,9.22396225389093,0.243628435704453,0.0518923323453869,1.96468410362766,0.164048521211761,8.09386672426564,0.243769608564522,0.0592455813493308,1.99377212417416,0.1636,1.82868683338165,0.243628435704453,0.362426668405533,1.99738323688507,1.34266983068727,814,745,730,-69,-84,-0.0847665847665848,-0.103194103194103
76,17,0.1636,9.22396225389093,0.243628435704453,0.0518923323453869,1.96468410362766,0.164048521211761,8.09386672426564,0.243769608564522,0.0592455813493308,1.99377212417416,0.1636,1.82868683338165,0.243628435704453,0.362426668405533,1.99738323688507,1.34266983068727,712,645,622,-67,-90,-0.0941011235955056,-0.126404494382022
76,18,0.1636,9.22396225389093,0.243628435704453,0.0518923323453869,1.96468410362766,0.164048521211761,8.09386672426564,0.243769608564522,0.0592455813493308,1.99377212417416,0.1636,1.82868683338165,0.243628435704453,0.362426668405533,1.99738323688507,1.34266983068727,614,571,540,-43,-74,-0.0700325732899023,-0.120521172638436
76,19,0.1636,9.22396225389093,0.243628435704453,0.0518923323453869,1.96468410362766,0.164048521211761,8.09386672426564,0.243769608564522,0.0592455813493308,1.99377212417416,0.1636,1.82868683338165,0.243628435704453,0.362426668405533,1.99738323688507,1.34266983068727,527,467,465,-60,-62,-0.113851992409867,-0.117647058823529
76,20,0.1636,9.22396225389093,0.243628435704453,0.0518923323453869,1.96468410362766,0.164048521211761,8.09386672426564,0.243769608564522,0.0592455813493308,1.99377212417416,0.1636,1.82868683338165,0.243628435704453,0.362426668405533,1.99738323688507,1.34266983068727,455,398,397,-57,-58,-0.125274725274725,-0.127472527472527
76,21,0.1636,9.22396225389093,0.243628435704453,0.0518923323453869,1.96468410362766,0.164048521211761,8.09386672426564,0.243769608564522,0.0592455813493308,1.99377212417416,0.1636,1.82868683338165,0.243628435704453,0.362426668405533,1.99738323688507,1.34266983068727,378,351,336,-27,-42,-0.0714285714285714,-0.111111111111111
76,22,0.1636,9.22396225389093,0.243628435704453,0.0518923323453869,1.96468410362766,0.164048521211761,8.09386672426564,0.243769608564522,0.0592455813493308,1.99377212417416,0.1636,1.82868683338165,0.243628435704453,0.362426668405533,1.99738323688507,1.34266983068727,321,294,290,-27,-31,-0.0841121495327103,-0.0965732087227414
76,23,0.1636,9.22396225389093,0.243628435704453,0.0518923323453869,1.96468410362766,0.164048521211761,8.09386672426564,0.243769608564522,0.0592455813493308,1.99377212417416,0.1636,1.82868683338165,0.243628435704453,0.362426668405533,1.99738323688507,1.34266983068727,264,256,244,-8,-20,-0.0303030303030303,-0.0757575757575758
76,24,0.1636,9.22396225389093,0.243628435704453,0.0518923323453869,1.96468410362766,0.164048521211761,8.09386672426564,0.243769608564522,0.0592455813493308,1.99377212417416,0.1636,1.82868683338165,0.243628435704453,0.362426668405533,1.99738323688507,1.34266983068727,228,235,200,7,-28,0.0307017543859649,-0.12280701754386
76,25,0.1636,9.22396225389093,0.243628435704453,0.0518923323453869,1.96468410362766,0.164048521211761,8.09386672426564,0.243769608564522,0.0592455813493308,1.99377212417416,0.1636,1.82868683338165,0.243628435704453,0.362426668405533,1.99738323688507,1.34266983068727,201,199,168,-2,-33,-0.00995024875621891,-0.164179104477612
76,26,0.1636,9.22396225389093,0.243628435704453,0.0518923323453869,1.96468410362766,0.164048521211761,8.09386672426564,0.243769608564522,0.0592455813493308,1.99377212417416,0.1636,1.82868683338165,0.243628435704453,0.362426668405533,1.99738323688507,1.34266983068727,167,174,135,7,-32,0.0419161676646707,-0.191616766467066
76,27,0.1636,9.22396225389093,0.243628435704453,0.0518923323453869,1.96468410362766,0.164048521211761,8.09386672426564,0.243769608564522,0.0592455813493308,1.99377212417416,0.1636,1.82868683338165,0.243628435704453,0.362426668405533,1.99738323688507,1.34266983068727,139,138,106,-1,-33,-0.00719424460431655,-0.237410071942446
76,28,0.1636,9.22396225389093,0.243628435704453,0.0518923323453869,1.96468410362766,0.164048521211761,8.09386672426564,0.243769608564522,0.0592455813493308,1.99377212417416,0.1636,1.82868683338165,0.243628435704453,0.362426668405533,1.99738323688507,1.34266983068727,112,112,88,0,-24,0,-0.214285714285714
76,29,0.1636,9.22396225389093,0.243628435704453,0.0518923323453869,1.96468410362766,0.164048521211761,8.09386672426564,0.243769608564522,0.0592455813493308,1.99377212417416,0.1636,1.82868683338165,0.243628435704453,0.362426668405533,1.99738323688507,1.34266983068727,92,96,66,4,-26,0.0434782608695652,-0.282608695652174
76,30,0.1636,9.22396225389093,0.243628435704453,0.0518923323453869,1.96468410362766,0.164048521211761,8.09386672426564,0.243769608564522,0.0592455813493308,1.99377212417416,0.1636,1.82868683338165,0.243628435704453,0.362426668405533,1.99738323688507,1.34266983068727,76,80,44,4,-32,0.0526315789473684,-0.421052631578947
76,31,0.1636,9.22396225389093,0.243628435704453,0.0518923323453869,1.96468410362766,0.164048521211761,8.09386672426564,0.243769608564522,0.0592455813493308,1.99377212417416,0.1636,1.82868683338165,0.243628435704453,0.362426668405533,1.99738323688507,1.34266983068727,62,70,40,8,-22,0.129032258064516,-0.354838709677419
76,32,0.1636,9.22396225389093,0.243628435704453,0.0518923323453869,1.96468410362766,0.164048521211761,8.09386672426564,0.243769608564522,0.0592455813493308,1.99377212417416,0.1636,1.82868683338165,0.243628435704453,0.362426668405533,1.99738323688507,1.34266983068727,51,63,28,12,-23,0.235294117647059,-0.450980392156863
76,33,0.1636,9.22396225389093,0.243628435704453,0.0518923323453869,1.96468410362766,0.164048521211761,8.09386672426564,0.243769608564522,0.0592455813493308,1.99377212417416,0.1636,1.82868683338165,0.243628435704453,0.362426668405533,1.99738323688507,1.34266983068727,39,49,25,10,-14,0.256410256410256,-0.358974358974359
76,34,0.1636,9.22396225389093,0.243628435704453,0.0518923323453869,1.96468410362766,0.164048521211761,8.09386672426564,0.243769608564522,0.0592455813493308,1.99377212417416,0.1636,1.82868683338165,0.243628435704453,0.362426668405533,1.99738323688507,1.34266983068727,33,42,19,9,-14,0.272727272727273,-0.424242424242424
76,35,0.1636,9.22396225389093,0.243628435704453,0.0518923323453869,1.96468410362766,0.164048521211761,8.09386672426564,0.243769608564522,0.0592455813493308,1.99377212417416,0.1636,1.82868683338165,0.243628435704453,0.362426668405533,1.99738323688507,1.34266983068727,26,37,17,11,-9,0.423076923076923,-0.346153846153846
76,36,0.1636,9.22396225389093,0.243628435704453,0.0518923323453869,1.96468410362766,0.164048521211761,8.09386672426564,0.243769608564522,0.0592455813493308,1.99377212417416,0.1636,1.82868683338165,0.243628435704453,0.362426668405533,1.99738323688507,1.34266983068727,21,28,11,7,-10,0.333333333333333,-0.476190476190476
76,37,0.1636,9.22396225389093,0.243628435704453,0.0518923323453869,1.96468410362766,0.164048521211761,8.09386672426564,0.243769608564522,0.0592455813493308,1.99377212417416,0.1636,1.82868683338165,0.243628435704453,0.362426668405533,1.99738323688507,1.34266983068727,12,26,9,14,-3,1.16666666666667,-0.25
76,38,0.1636,9.22396225389093,0.243628435704453,0.0518923323453869,1.96468410362766,0.164048521211761,8.09386672426564,0.243769608564522,0.0592455813493308,1.99377212417416,0.1636,1.82868683338165,0.243628435704453,0.362426668405533,1.99738323688507,1.34266983068727,12,24,8,12,-4,1,-0.333333333333333
76,39,0.1636,9.22396225389093,0.243628435704453,0.0518923323453869,1.96468410362766,0.164048521211761,8.09386672426564,0.243769608564522,0.0592455813493308,1.99377212417416,0.1636,1.82868683338165,0.243628435704453,0.362426668405533,1.99738323688507,1.34266983068727,8,20,7,12,-1,1.5,-0.125
76,40,0.1636,9.22396225389093,0.243628435704453,0.0518923323453869,1.96468410362766,0.164048521211761,8.09386672426564,0.243769608564522,0.0592455813493308,1.99377212417416,0.1636,1.82868683338165,0.243628435704453,0.362426668405533,1.99738323688507,1.34266983068727,5,18,7,13,2,2.6,0.4
76,41,0.1636,9.22396225389093,0.243628435704453,0.0518923323453869,1.96468410362766,0.164048521211761,8.09386672426564,0.243769608564522,0.0592455813493308,1.99377212417416,0.1636,1.82868683338165,0.243628435704453,0.362426668405533,1.99738323688507,1.34266983068727,3,15,6,12,3,4,1
76,42,0.1636,9.22396225389093,0.243628435704453,0.0518923323453869,1.96468410362766,0.164048521211761,8.09386672426564,0.243769608564522,0.0592455813493308,1.99377212417416,0.1636,1.82868683338165,0.243628435704453,0.362426668405533,1.99738323688507,1.34266983068727,3,16,7,13,4,4.33333333333333,1.33333333333333
76,43,0.1636,9.22396225389093,0.243628435704453,0.0518923323453869,1.96468410362766,0.164048521211761,8.09386672426564,0.243769608564522,0.0592455813493308,1.99377212417416,0.1636,1.82868683338165,0.243628435704453,0.362426668405533,1.99738323688507,1.34266983068727,4,9,8,5,4,1.25,1
76,44,0.1636,9.22396225389093,0.243628435704453,0.0518923323453869,1.96468410362766,0.164048521211761,8.09386672426564,0.243769608564522,0.0592455813493308,1.99377212417416,0.1636,1.82868683338165,0.243628435704453,0.362426668405533,1.99738323688507,1.34266983068727,4,9,7,5,3,1.25,0.75
76,45,0.1636,9.22396225389093,0.243628435704453,0.0518923323453869,1.96468410362766,0.164048521211761,8.09386672426564,0.243769608564522,0.0592455813493308,1.99377212417416,0.1636,1.82868683338165,0.243628435704453,0.362426668405533,1.99738323688507,1.34266983068727,5,6,4,1,-1,0.2,-0.2
76,46,0.1636,9.22396225389093,0.243628435704453,0.0518923323453869,1.96468410362766,0.164048521211761,8.09386672426564,0.243769608564522,0.0592455813493308,1.99377212417416,0.1636,1.82868683338165,0.243628435704453,0.362426668405533,1.99738323688507,1.34266983068727,5,4,3,-1,-2,-0.2,-0.4
76,47,0.1636,9.22396225389093,0.243628435704453,0.0518923323453869,1.96468410362766,0.164048521211761,8.09386672426564,0.243769608564522,0.0592455813493308,1.99377212417416,0.1636,1.82868683338165,0.243628435704453,0.362426668405533,1.99738323688507,1.34266983068727,5,4,3,-1,-2,-0.2,-0.4
76,48,0.1636,9.22396225389093,0.243628435704453,0.0518923323453869,1.96468410362766,0.164048521211761,8.09386672426564,0.243769608564522,0.0592455813493308,1.99377212417416,0.1636,1.82868683338165,0.243628435704453,0.362426668405533,1.99738323688507,1.34266983068727,4,3,2,-1,-2,-0.25,-0.5
76,49,0.1636,9.22396225389093,0.243628435704453,0.0518923323453869,1.96468410362766,0.164048521211761,8.09386672426564,0.243769608564522,0.0592455813493308,1.99377212417416,0.1636,1.82868683338165,0.243628435704453,0.362426668405533,1.99738323688507,1.34266983068727,2,3,1,1,-1,0.5,-0.5
76,50,0.1636,9.22396225389093,0.243628435704453,0.0518923323453869,1.96468410362766,0.164048521211761,8.09386672426564,0.243769608564522,0.0592455813493308,1.99377212417416,0.1636,1.82868683338165,0.243628435704453,0.362426668405533,1.99738323688507,1.34266983068727,1,2,1,1,0,1,0
94,0,0.1155,14.9020219151862,0.15609660098719,0.0251567670231627,2.40163265006116,0.112560184425481,37.5252710092546,0.153301330961723,0.0105927166810918,2.41062026148798,0.1155,1.87575149536133,0.15609660098719,0.187997698783875,2.1100013256073,1.75195780127292,1155,1125,1155,-30,0,-0.025974025974026,0
94,1,0.1155,14.9020219151862,0.15609660098719,0.0251567670231627,2.40163265006116,0.112560184425481,37.5252710092546,0.153301330961723,0.0105927166810918,2.41062026148798,0.1155,1.87575149536133,0.15609660098719,0.187997698783875,2.1100013256073,1.75195780127292,1304,1302,1315,-2,11,-0.00153374233128834,0.00843558282208589
94,2,0.1155,14.9020219151862,0.15609660098719,0.0251567670231627,2.40163265006116,0.112560184425481,37.5252710092546,0.153301330961723,0.0105927166810918,2.41062026148798,0.1155,1.87575149536133,0.15609660098719,0.187997698783875,2.1100013256073,1.75195780127292,1494,1492,1432,-2,-62,-0.00133868808567604,-0.0414993306559572
94,3,0.1155,14.9020219151862,0.15609660098719,0.0251567670231627,2.40163265006116,0.112560184425481,37.5252710092546,0.153301330961723,0.0105927166810918,2.41062026148798,0.1155,1.87575149536133,0.15609660098719,0.187997698783875,2.1100013256073,1.75195780127292,1672,1697,1500,25,-172,0.0149521531100478,-0.102870813397129
94,4,0.1155,14.9020219151862,0.15609660098719,0.0251567670231627,2.40163265006116,0.112560184425481,37.5252710092546,0.153301330961723,0.0105927166810918,2.41062026148798,0.1155,1.87575149536133,0.15609660098719,0.187997698783875,2.1100013256073,1.75195780127292,1857,1921,1637,64,-220,0.0344641895530425,-0.118470651588584
94,5,0.1155,14.9020219151862,0.15609660098719,0.0251567670231627,2.40163265006116,0.112560184425481,37.5252710092546,0.153301330961723,0.0105927166810918,2.41062026148798,0.1155,1.87575149536133,0.15609660098719,0.187997698783875,2.1100013256073,1.75195780127292,2035,2114,1744,79,-291,0.0388206388206388,-0.142997542997543
94,6,0.1155,14.9020219151862,0.15609660098719,0.0251567670231627,2.40163265006116,0.112560184425481,37.5252710092546,0.153301330961723,0.0105927166810918,2.41062026148798,0.1155,1.87575149536133,0.15609660098719,0.187997698783875,2.1100013256073,1.75195780127292,2165,2324,1892,159,-273,0.0734411085450346,-0.126096997690531
94,7,0.1155,14.9020219151862,0.15609660098719,0.0251567670231627,2.40163265006116,0.112560184425481,37.5252710092546,0.153301330961723,0.0105927166810918,2.41062026148798,0.1155,1.87575149536133,0.15609660098719,0.187997698783875,2.1100013256073,1.75195780127292,2313,2481,2026,168,-287,0.072632944228275,-0.124081279723303
94,8,0.1155,14.9020219151862,0.15609660098719,0.0251567670231627,2.40163265006116,0.112560184425481,37.5252710092546,0.153301330961723,0.0105927166810918,2.41062026148798,0.1155,1.87575149536133,0.15609660098719,0.187997698783875,2.1100013256073,1.75195780127292,2475,2548,2090,73,-385,0.0294949494949495,-0.155555555555556
94,9,0.1155,14.9020219151862,0.15609660098719,0.0251567670231627,2.40163265006116,0.112560184425481,37.5252710092546,0.153301330961723,0.0105927166810918,2.41062026148798,0.1155,1.87575149536133,0.15609660098719,0.187997698783875,2.1100013256073,1.75195780127292,2496,2606,2110,110,-386,0.0440705128205128,-0.154647435897436
94,10,0.1155,14.9020219151862,0.15609660098719,0.0251567670231627,2.40163265006116,0.112560184425481,37.5252710092546,0.153301330961723,0.0105927166810918,2.41062026148798,0.1155,1.87575149536133,0.15609660098719,0.187997698783875,2.1100013256073,1.75195780127292,2541,2665,2128,124,-413,0.0487996851633215,-0.162534435261708
94,11,0.1155,14.9020219151862,0.15609660098719,0.0251567670231627,2.40163265006116,0.112560184425481,37.5252710092546,0.153301330961723,0.0105927166810918,2.41062026148798,0.1155,1.87575149536133,0.15609660098719,0.187997698783875,2.1100013256073,1.75195780127292,2526,2698,2174,172,-352,0.0680918448139351,-0.139350752177356
94,12,0.1155,14.9020219151862,0.15609660098719,0.0251567670231627,2.40163265006116,0.112560184425481,37.5252710092546,0.153301330961723,0.0105927166810918,2.41062026148798,0.1155,1.87575149536133,0.15609660098719,0.187997698783875,2.1100013256073,1.75195780127292,2543,2631,2173,88,-370,0.0346047974832875,-0.145497443963822
94,13,0.1155,14.9020219151862,0.15609660098719,0.0251567670231627,2.40163265006116,0.112560184425481,37.5252710092546,0.153301330961723,0.0105927166810918,2.41062026148798,0.1155,1.87575149536133,0.15609660098719,0.187997698783875,2.1100013256073,1.75195780127292,2459,2532,2133,73,-326,0.0296868645790972,-0.132574217161448
94,14,0.1155,14.9020219151862,0.15609660098719,0.0251567670231627,2.40163265006116,0.112560184425481,37.5252710092546,0.153301330961723,0.0105927166810918,2.41062026148798,0.1155,1.87575149536133,0.15609660098719,0.187997698783875,2.1100013256073,1.75195780127292,2366,2440,2087,74,-279,0.0312764158918005,-0.117920540997464
94,15,0.1155,14.9020219151862,0.15609660098719,0.0251567670231627,2.40163265006116,0.112560184425481,37.5252710092546,0.153301330961723,0.0105927166810918,2.41062026148798,0.1155,1.87575149536133,0.15609660098719,0.187997698783875,2.1100013256073,1.75195780127292,2224,2326,1969,102,-255,0.045863309352518,-0.114658273381295
94,16,0.1155,14.9020219151862,0.15609660098719,0.0251567670231627,2.40163265006116,0.112560184425481,37.5252710092546,0.153301330961723,0.0105927166810918,2.41062026148798,0.1155,1.87575149536133,0.15609660098719,0.187997698783875,2.1100013256073,1.75195780127292,2108,2211,1881,103,-227,0.0488614800759013,-0.107685009487666
94,17,0.1155,14.9020219151862,0.15609660098719,0.0251567670231627,2.40163265006116,0.112560184425481,37.5252710092546,0.153301330961723,0.0105927166810918,2.41062026148798,0.1155,1.87575149536133,0.15609660098719,0.187997698783875,2.1100013256073,1.75195780127292,1951,2032,1797,81,-154,0.0415171706817017,-0.0789338800615069
94,18,0.1155,14.9020219151862,0.15609660098719,0.0251567670231627,2.40163265006116,0.112560184425481,37.5252710092546,0.153301330961723,0.0105927166810918,2.41062026148798,0.1155,1.87575149536133,0.15609660098719,0.187997698783875,2.1100013256073,1.75195780127292,1821,1905,1716,84,-105,0.0461285008237232,-0.057660626029654
94,19,0.1155,14.9020219151862,0.15609660098719,0.0251567670231627,2.40163265006116,0.112560184425481,37.5252710092546,0.153301330961723,0.0105927166810918,2.41062026148798,0.1155,1.87575149536133,0.15609660098719,0.187997698783875,2.1100013256073,1.75195780127292,1709,1753,1609,44,-100,0.0257460503218256,-0.0585137507314219
94,20,0.1155,14.9020219151862,0.15609660098719,0.0251567670231627,2.40163265006116,0.112560184425481,37.5252710092546,0.153301330961723,0.0105927166810918,2.41062026148798,0.1155,1.87575149536133,0.15609660098719,0.187997698783875,2.1100013256073,1.75195780127292,1601,1623,1504,22,-97,0.0137414116177389,-0.0605871330418488
94,21,0.1155,14.9020219151862,0.15609660098719,0.0251567670231627,2.40163265006116,0.112560184425481,37.5252710092546,0.153301330961723,0.0105927166810918,2.41062026148798,0.1155,1.87575149536133,0.15609660098719,0.187997698783875,2.1100013256073,1.75195780127292,1437,1479,1423,42,-14,0.0292275574112735,-0.00974251913709116
94,22,0.1155,14.9020219151862,0.15609660098719,0.0251567670231627,2.40163265006116,0.112560184425481,37.5252710092546,0.153301330961723,0.0105927166810918,2.41062026148798,0.1155,1.87575149536133,0.15609660098719,0.187997698783875,2.1100013256073,1.75195780127292,1307,1319,1321,12,14,0.00918133129303749,0.0107115531752104
94,23,0.1155,14.9020219151862,0.15609660098719,0.0251567670231627,2.40163265006116,0.112560184425481,37.5252710092546,0.153301330961723,0.0105927166810918,2.41062026148798,0.1155,1.87575149536133,0.15609660098719,0.187997698783875,2.1100013256073,1.75195780127292,1162,1180,1227,18,65,0.0154905335628227,0.0559380378657487
94,24,0.1155,14.9020219151862,0.15609660098719,0.0251567670231627,2.40163265006116,0.112560184425481,37.5252710092546,0.153301330961723,0.0105927166810918,2.41062026148798,0.1155,1.87575149536133,0.15609660098719,0.187997698783875,2.1100013256073,1.75195780127292,1092,1084,1125,-8,33,-0.00732600732600733,0.0302197802197802
94,25,0.1155,14.9020219151862,0.15609660098719,0.0251567670231627,2.40163265006116,0.112560184425481,37.5252710092546,0.153301330961723,0.0105927166810918,2.41062026148798,0.1155,1.87575149536133,0.15609660098719,0.187997698783875,2.1100013256073,1.75195780127292,993,967,1024,-26,31,-0.0261832829808661,0.0312185297079557
94,26,0.1155,14.9020219151862,0.15609660098719,0.0251567670231627,2.40163265006116,0.112560184425481,37.5252710092546,0.153301330961723,0.0105927166810918,2.41062026148798,0.1155,1.87575149536133,0.15609660098719,0.187997698783875,2.1100013256073,1.75195780127292,897,843,939,-54,42,-0.0602006688963211,0.0468227424749164
94,27,0.1155,14.9020219151862,0.15609660098719,0.0251567670231627,2.40163265006116,0.112560184425481,37.5252710092546,0.153301330961723,0.0105927166810918,2.41062026148798,0.1155,1.87575149536133,0.15609660098719,0.187997698783875,2.1100013256073,1.75195780127292,777,763,841,-14,64,-0.018018018018018,0.0823680823680824
94,28,0.1155,14.9020219151862,0.15609660098719,0.0251567670231627,2.40163265006116,0.112560184425481,37.5252710092546,0.153301330961723,0.0105927166810918,2.41062026148798,0.1155,1.87575149536133,0.15609660098719,0.187997698783875,2.1100013256073,1.75195780127292,711,695,772,-16,61,-0.0225035161744023,0.0857946554149086
94,29,0.1155,14.9020219151862,0.15609660098719,0.0251567670231627,2.40163265006116,0.112560184425481,37.5252710092546,0.153301330961723,0.0105927166810918,2.41062026148798,0.1155,1.87575149536133,0.15609660098719,0.187997698783875,2.1100013256073,1.75195780127292,647,611,702,-36,55,-0.0556414219474498,0.0850077279752705
94,30,0.1155,14.9020219151862,0.15609660098719,0.0251567670231627,2.40163265006116,0.112560184425481,37.5252710092546,0.153301330961723,0.0105927166810918,2.41062026148798,0.1155,1.87575149536133,0.15609660098719,0.187997698783875,2.1100013256073,1.75195780127292,601,539,634,-62,33,-0.103161397670549,0.0549084858569052
94,31,0.1155,14.9020219151862,0.15609660098719,0.0251567670231627,2.40163265006116,0.112560184425481,37.5252710092546,0.153301330961723,0.0105927166810918,2.41062026148798,0.1155,1.87575149536133,0.15609660098719,0.187997698783875,2.1100013256073,1.75195780127292,541,479,591,-62,50,-0.11460258780037,0.0924214417744917
94,32,0.1155,14.9020219151862,0.15609660098719,0.0251567670231627,2.40163265006116,0.112560184425481,37.5252710092546,0.153301330961723,0.0105927166810918,2.41062026148798,0.1155,1.87575149536133,0.15609660098719,0.187997698783875,2.1100013256073,1.75195780127292,496,425,533,-71,37,-0.143145161290323,0.0745967741935484
94,33,0.1155,14.9020219151862,0.15609660098719,0.0251567670231627,2.40163265006116,0.112560184425481,37.5252710092546,0.153301330961723,0.0105927166810918,2.41062026148798,0.1155,1.87575149536133,0.15609660098719,0.187997698783875,2.1100013256073,1.75195780127292,446,375,484,-71,38,-0.159192825112108,0.0852017937219731
94,34,0.1155,14.9020219151862,0.15609660098719,0.0251567670231627,2.40163265006116,0.112560184425481,37.5252710092546,0.153301330961723,0.0105927166810918,2.41062026148798,0.1155,1.87575149536133,0.15609660098719,0.187997698783875,2.1100013256073,1.75195780127292,398,344,443,-54,45,-0.135678391959799,0.113065326633166
94,35,0.1155,14.9020219151862,0.15609660098719,0.0251567670231627,2.40163265006116,0.112560184425481,37.5252710092546,0.153301330961723,0.0105927166810918,2.41062026148798,0.1155,1.87575149536133,0.15609660098719,0.187997698783875,2.1100013256073,1.75195780127292,363,306,408,-57,45,-0.15702479338843,0.12396694214876
94,36,0.1155,14.9020219151862,0.15609660098719,0.0251567670231627,2.40163265006116,0.112560184425481,37.5252710092546,0.153301330961723,0.0105927166810918,2.41062026148798,0.1155,1.87575149536133,0.15609660098719,0.187997698783875,2.1100013256073,1.75195780127292,321,285,375,-36,54,-0.11214953271028,0.168224299065421
94,37,0.1155,14.9020219151862,0.15609660098719,0.0251567670231627,2.40163265006116,0.112560184425481,37.5252710092546,0.153301330961723,0.0105927166810918,2.41062026148798,0.1155,1.87575149536133,0.15609660098719,0.187997698783875,2.1100013256073,1.75195780127292,295,251,326,-44,31,-0.149152542372881,0.105084745762712
94,38,0.1155,14.9020219151862,0.15609660098719,0.0251567670231627,2.40163265006116,0.112560184425481,37.5252710092546,0.153301330961723,0.0105927166810918,2.41062026148798,0.1155,1.87575149536133,0.15609660098719,0.187997698783875,2.1100013256073,1.75195780127292,251,225,304,-26,53,-0.103585657370518,0.211155378486056
94,39,0.1155,14.9020219151862,0.15609660098719,0.0251567670231627,2.40163265006116,0.112560184425481,37.5252710092546,0.153301330961723,0.0105927166810918,2.41062026148798,0.1155,1.87575149536133,0.15609660098719,0.187997698783875,2.1100013256073,1.75195780127292,229,204,257,-25,28,-0.109170305676856,0.122270742358079
94,40,0.1155,14.9020219151862,0.15609660098719,0.0251567670231627,2.40163265006116,0.112560184425481,37.5252710092546,0.153301330961723,0.0105927166810918,2.41062026148798,0.1155,1.87575149536133,0.15609660098719,0.187997698783875,2.1100013256073,1.75195780127292,205,183,217,-22,12,-0.107317073170732,0.0585365853658537
94,41,0.1155,14.9020219151862,0.15609660098719,0.0251567670231627,2.40163265006116,0.112560184425481,37.5252710092546,0.153301330961723,0.0105927166810918,2.41062026148798,0.1155,1.87575149536133,0.15609660098719,0.187997698783875,2.1100013256073,1.75195780127292,182,164,204,-18,22,-0.0989010989010989,0.120879120879121
94,42,0.1155,14.9020219151862,0.15609660098719,0.0251567670231627,2.40163265006116,0.112560184425481,37.5252710092546,0.153301330961723,0.0105927166810918,2.41062026148798,0.1155,1.87575149536133,0.15609660098719,0.187997698783875,2.1100013256073,1.75195780127292,163,144,174,-19,11,-0.116564417177914,0.0674846625766871
94,43,0.1155,14.9020219151862,0.15609660098719,0.0251567670231627,2.40163265006116,0.112560184425481,37.5252710092546,0.153301330961723,0.0105927166810918,2.41062026148798,0.1155,1.87575149536133,0.15609660098719,0.187997698783875,2.1100013256073,1.75195780127292,137,127,160,-10,23,-0.072992700729927,0.167883211678832
94,44,0.1155,14.9020219151862,0.15609660098719,0.0251567670231627,2.40163265006116,0.112560184425481,37.5252710092546,0.153301330961723,0.0105927166810918,2.41062026148798,0.1155,1.87575149536133,0.15609660098719,0.187997698783875,2.1100013256073,1.75195780127292,117,111,140,-6,23,-0.0512820512820513,0.196581196581197
94,45,0.1155,14.9020219151862,0.15609660098719,0.0251567670231627,2.40163265006116,0.112560184425481,37.5252710092546,0.153301330961723,0.0105927166810918,2.41062026148798,0.1155,1.87575149536133,0.15609660098719,0.187997698783875,2.1100013256073,1.75195780127292,91,100,131,9,40,0.0989010989010989,0.43956043956044
94,46,0.1155,14.9020219151862,0.15609660098719,0.0251567670231627,2.40163265006116,0.112560184425481,37.5252710092546,0.153301330961723,0.0105927166810918,2.41062026148798,0.1155,1.87575149536133,0.15609660098719,0.187997698783875,2.1100013256073,1.75195780127292,78,85,107,7,29,0.0897435897435897,0.371794871794872
94,47,0.1155,14.9020219151862,0.15609660098719,0.0251567670231627,2.40163265006116,0.112560184425481,37.5252710092546,0.153301330961723,0.0105927166810918,2.41062026148798,0.1155,1.87575149536133,0.15609660098719,0.187997698783875,2.1100013256073,1.75195780127292,70,75,104,5,34,0.0714285714285714,0.485714285714286
94,48,0.1155,14.9020219151862,0.15609660098719,0.0251567670231627,2.40163265006116,0.112560184425481,37.5252710092546,0.153301330961723,0.0105927166810918,2.41062026148798,0.1155,1.87575149536133,0.15609660098719,0.187997698783875,2.1100013256073,1.75195780127292,60,65,88,5,28,0.0833333333333333,0.466666666666667
94,49,0.1155,14.9020219151862,0.15609660098719,0.0251567670231627,2.40163265006116,0.112560184425481,37.5252710092546,0.153301330961723,0.0105927166810918,2.41062026148798,0.1155,1.87575149536133,0.15609660098719,0.187997698783875,2.1100013256073,1.75195780127292,55,61,73,6,18,0.109090909090909,0.327272727272727
94,50,0.1155,14.9020219151862,0.15609660098719,0.0251567670231627,2.40163265006116,0.112560184425481,37.5252710092546,0.153301330961723,0.0105927166810918,2.41062026148798,0.1155,1.87575149536133,0.15609660098719,0.187997698783875,2.1100013256073,1.75195780127292,48,54,72,6,24,0.125,0.5
