"sim_id","day","true_preval","true_crate","true_recov","true_ptran","calib_preval","calib_crate","calib_recov","calib_ptran","observed_infected","predicted_infected","bias","preval_error","crate_error","recov_error","ptran_error","abs_bias"
1,0,0.0139,8.6516202846542,0.10670125590079,0.0480886140864229,0.0081036193509253,9.39006602285132,0.115029129225436,0.0496276088724569,139,81,-58,-0.417005802091705,0.0853534614212023,0.0780485033127427,0.0320033092088744,58
1,1,0.0139,8.6516202846542,0.10670125590079,0.0480886140864229,0.0081036193509253,9.39006602285132,0.115029129225436,0.0496276088724569,175,107,-68,-0.417005802091705,0.0853534614212023,0.0780485033127427,0.0320033092088744,68
1,2,0.0139,8.6516202846542,0.10670125590079,0.0480886140864229,0.0081036193509253,9.39006602285132,0.115029129225436,0.0496276088724569,239,159,-80,-0.417005802091705,0.0853534614212023,0.0780485033127427,0.0320033092088744,80
1,3,0.0139,8.6516202846542,0.10670125590079,0.0480886140864229,0.0081036193509253,9.39006602285132,0.115029129225436,0.0496276088724569,301,216,-85,-0.417005802091705,0.0853534614212023,0.0780485033127427,0.0320033092088744,85
1,4,0.0139,8.6516202846542,0.10670125590079,0.0480886140864229,0.0081036193509253,9.39006602285132,0.115029129225436,0.0496276088724569,399,286,-113,-0.417005802091705,0.0853534614212023,0.0780485033127427,0.0320033092088744,113
1,5,0.0139,8.6516202846542,0.10670125590079,0.0480886140864229,0.0081036193509253,9.39006602285132,0.115029129225436,0.0496276088724569,534,371,-163,-0.417005802091705,0.0853534614212023,0.0780485033127427,0.0320033092088744,163
1,6,0.0139,8.6516202846542,0.10670125590079,0.0480886140864229,0.0081036193509253,9.39006602285132,0.115029129225436,0.0496276088724569,675,491,-184,-0.417005802091705,0.0853534614212023,0.0780485033127427,0.0320033092088744,184
1,7,0.0139,8.6516202846542,0.10670125590079,0.0480886140864229,0.0081036193509253,9.39006602285132,0.115029129225436,0.0496276088724569,837,662,-175,-0.417005802091705,0.0853534614212023,0.0780485033127427,0.0320033092088744,175
1,8,0.0139,8.6516202846542,0.10670125590079,0.0480886140864229,0.0081036193509253,9.39006602285132,0.115029129225436,0.0496276088724569,1050,877,-173,-0.417005802091705,0.0853534614212023,0.0780485033127427,0.0320033092088744,173
1,9,0.0139,8.6516202846542,0.10670125590079,0.0480886140864229,0.0081036193509253,9.39006602285132,0.115029129225436,0.0496276088724569,1267,1128,-139,-0.417005802091705,0.0853534614212023,0.0780485033127427,0.0320033092088744,139
1,10,0.0139,8.6516202846542,0.10670125590079,0.0480886140864229,0.0081036193509253,9.39006602285132,0.115029129225436,0.0496276088724569,1551,1443,-108,-0.417005802091705,0.0853534614212023,0.0780485033127427,0.0320033092088744,108
1,11,0.0139,8.6516202846542,0.10670125590079,0.0480886140864229,0.0081036193509253,9.39006602285132,0.115029129225436,0.0496276088724569,1893,1801,-92,-0.417005802091705,0.0853534614212023,0.0780485033127427,0.0320033092088744,92
1,12,0.0139,8.6516202846542,0.10670125590079,0.0480886140864229,0.0081036193509253,9.39006602285132,0.115029129225436,0.0496276088724569,2223,2154,-69,-0.417005802091705,0.0853534614212023,0.0780485033127427,0.0320033092088744,69
1,13,0.0139,8.6516202846542,0.10670125590079,0.0480886140864229,0.0081036193509253,9.39006602285132,0.115029129225436,0.0496276088724569,2520,2640,120,-0.417005802091705,0.0853534614212023,0.0780485033127427,0.0320033092088744,120
1,14,0.0139,8.6516202846542,0.10670125590079,0.0480886140864229,0.0081036193509253,9.39006602285132,0.115029129225436,0.0496276088724569,2834,3014,180,-0.417005802091705,0.0853534614212023,0.0780485033127427,0.0320033092088744,180
1,15,0.0139,8.6516202846542,0.10670125590079,0.0480886140864229,0.0081036193509253,9.39006602285132,0.115029129225436,0.0496276088724569,3134,3278,144,-0.417005802091705,0.0853534614212023,0.0780485033127427,0.0320033092088744,144
1,16,0.0139,8.6516202846542,0.10670125590079,0.0480886140864229,0.0081036193509253,9.39006602285132,0.115029129225436,0.0496276088724569,3390,3556,166,-0.417005802091705,0.0853534614212023,0.0780485033127427,0.0320033092088744,166
1,17,0.0139,8.6516202846542,0.10670125590079,0.0480886140864229,0.0081036193509253,9.39006602285132,0.115029129225436,0.0496276088724569,3573,3770,197,-0.417005802091705,0.0853534614212023,0.0780485033127427,0.0320033092088744,197
1,18,0.0139,8.6516202846542,0.10670125590079,0.0480886140864229,0.0081036193509253,9.39006602285132,0.115029129225436,0.0496276088724569,3612,3908,296,-0.417005802091705,0.0853534614212023,0.0780485033127427,0.0320033092088744,296
1,19,0.0139,8.6516202846542,0.10670125590079,0.0480886140864229,0.0081036193509253,9.39006602285132,0.115029129225436,0.0496276088724569,3676,3942,266,-0.417005802091705,0.0853534614212023,0.0780485033127427,0.0320033092088744,266
1,20,0.0139,8.6516202846542,0.10670125590079,0.0480886140864229,0.0081036193509253,9.39006602285132,0.115029129225436,0.0496276088724569,3697,3865,168,-0.417005802091705,0.0853534614212023,0.0780485033127427,0.0320033092088744,168
1,21,0.0139,8.6516202846542,0.10670125590079,0.0480886140864229,0.0081036193509253,9.39006602285132,0.115029129225436,0.0496276088724569,3645,3796,151,-0.417005802091705,0.0853534614212023,0.0780485033127427,0.0320033092088744,151
1,22,0.0139,8.6516202846542,0.10670125590079,0.0480886140864229,0.0081036193509253,9.39006602285132,0.115029129225436,0.0496276088724569,3542,3691,149,-0.417005802091705,0.0853534614212023,0.0780485033127427,0.0320033092088744,149
1,23,0.0139,8.6516202846542,0.10670125590079,0.0480886140864229,0.0081036193509253,9.39006602285132,0.115029129225436,0.0496276088724569,3343,3502,159,-0.417005802091705,0.0853534614212023,0.0780485033127427,0.0320033092088744,159
1,24,0.0139,8.6516202846542,0.10670125590079,0.0480886140864229,0.0081036193509253,9.39006602285132,0.115029129225436,0.0496276088724569,3173,3275,102,-0.417005802091705,0.0853534614212023,0.0780485033127427,0.0320033092088744,102
1,25,0.0139,8.6516202846542,0.10670125590079,0.0480886140864229,0.0081036193509253,9.39006602285132,0.115029129225436,0.0496276088724569,2992,3046,54,-0.417005802091705,0.0853534614212023,0.0780485033127427,0.0320033092088744,54
1,26,0.0139,8.6516202846542,0.10670125590079,0.0480886140864229,0.0081036193509253,9.39006602285132,0.115029129225436,0.0496276088724569,2858,2835,-23,-0.417005802091705,0.0853534614212023,0.0780485033127427,0.0320033092088744,23
1,27,0.0139,8.6516202846542,0.10670125590079,0.0480886140864229,0.0081036193509253,9.39006602285132,0.115029129225436,0.0496276088724569,2670,2606,-64,-0.417005802091705,0.0853534614212023,0.0780485033127427,0.0320033092088744,64
1,28,0.0139,8.6516202846542,0.10670125590079,0.0480886140864229,0.0081036193509253,9.39006602285132,0.115029129225436,0.0496276088724569,2482,2381,-101,-0.417005802091705,0.0853534614212023,0.0780485033127427,0.0320033092088744,101
1,29,0.0139,8.6516202846542,0.10670125590079,0.0480886140864229,0.0081036193509253,9.39006602285132,0.115029129225436,0.0496276088724569,2322,2195,-127,-0.417005802091705,0.0853534614212023,0.0780485033127427,0.0320033092088744,127
1,30,0.0139,8.6516202846542,0.10670125590079,0.0480886140864229,0.0081036193509253,9.39006602285132,0.115029129225436,0.0496276088724569,2158,2005,-153,-0.417005802091705,0.0853534614212023,0.0780485033127427,0.0320033092088744,153
2,0,0.03,11.1747421952896,0.166667715458901,0.133907638559612,0.0240116965368462,31.2643750766525,0.168964975482475,0.0552241309703297,300,240,-60,-0.199610115438459,1.7977714859347,0.0137834734054468,-0.587595363757045,60
2,1,0.03,11.1747421952896,0.166667715458901,0.133907638559612,0.0240116965368462,31.2643750766525,0.168964975482475,0.0552241309703297,654,578,-76,-0.199610115438459,1.7977714859347,0.0137834734054468,-0.587595363757045,76
2,2,0.03,11.1747421952896,0.166667715458901,0.133907638559612,0.0240116965368462,31.2643750766525,0.168964975482475,0.0552241309703297,1396,1298,-98,-0.199610115438459,1.7977714859347,0.0137834734054468,-0.587595363757045,98
2,3,0.03,11.1747421952896,0.166667715458901,0.133907638559612,0.0240116965368462,31.2643750766525,0.168964975482475,0.0552241309703297,2689,2688,-1,-0.199610115438459,1.7977714859347,0.0137834734054468,-0.587595363757045,1
2,4,0.03,11.1747421952896,0.166667715458901,0.133907638559612,0.0240116965368462,31.2643750766525,0.168964975482475,0.0552241309703297,4265,4553,288,-0.199610115438459,1.7977714859347,0.0137834734054468,-0.587595363757045,288
2,5,0.03,11.1747421952896,0.166667715458901,0.133907638559612,0.0240116965368462,31.2643750766525,0.168964975482475,0.0552241309703297,5534,5825,291,-0.199610115438459,1.7977714859347,0.0137834734054468,-0.587595363757045,291
2,6,0.03,11.1747421952896,0.166667715458901,0.133907638559612,0.0240116965368462,31.2643750766525,0.168964975482475,0.0552241309703297,5931,6167,236,-0.199610115438459,1.7977714859347,0.0137834734054468,-0.587595363757045,236
2,7,0.03,11.1747421952896,0.166667715458901,0.133907638559612,0.0240116965368462,31.2643750766525,0.168964975482475,0.0552241309703297,5655,5788,133,-0.199610115438459,1.7977714859347,0.0137834734054468,-0.587595363757045,133
2,8,0.03,11.1747421952896,0.166667715458901,0.133907638559612,0.0240116965368462,31.2643750766525,0.168964975482475,0.0552241309703297,5078,5062,-16,-0.199610115438459,1.7977714859347,0.0137834734054468,-0.587595363757045,16
2,9,0.03,11.1747421952896,0.166667715458901,0.133907638559612,0.0240116965368462,31.2643750766525,0.168964975482475,0.0552241309703297,4433,4309,-124,-0.199610115438459,1.7977714859347,0.0137834734054468,-0.587595363757045,124
2,10,0.03,11.1747421952896,0.166667715458901,0.133907638559612,0.0240116965368462,31.2643750766525,0.168964975482475,0.0552241309703297,3793,3643,-150,-0.199610115438459,1.7977714859347,0.0137834734054468,-0.587595363757045,150
2,11,0.03,11.1747421952896,0.166667715458901,0.133907638559612,0.0240116965368462,31.2643750766525,0.168964975482475,0.0552241309703297,3187,3006,-181,-0.199610115438459,1.7977714859347,0.0137834734054468,-0.587595363757045,181
2,12,0.03,11.1747421952896,0.166667715458901,0.133907638559612,0.0240116965368462,31.2643750766525,0.168964975482475,0.0552241309703297,2682,2508,-174,-0.199610115438459,1.7977714859347,0.0137834734054468,-0.587595363757045,174
2,13,0.03,11.1747421952896,0.166667715458901,0.133907638559612,0.0240116965368462,31.2643750766525,0.168964975482475,0.0552241309703297,2259,2106,-153,-0.199610115438459,1.7977714859347,0.0137834734054468,-0.587595363757045,153
2,14,0.03,11.1747421952896,0.166667715458901,0.133907638559612,0.0240116965368462,31.2643750766525,0.168964975482475,0.0552241309703297,1896,1748,-148,-0.199610115438459,1.7977714859347,0.0137834734054468,-0.587595363757045,148
2,15,0.03,11.1747421952896,0.166667715458901,0.133907638559612,0.0240116965368462,31.2643750766525,0.168964975482475,0.0552241309703297,1624,1456,-168,-0.199610115438459,1.7977714859347,0.0137834734054468,-0.587595363757045,168
2,16,0.03,11.1747421952896,0.166667715458901,0.133907638559612,0.0240116965368462,31.2643750766525,0.168964975482475,0.0552241309703297,1372,1186,-186,-0.199610115438459,1.7977714859347,0.0137834734054468,-0.587595363757045,186
2,17,0.03,11.1747421952896,0.166667715458901,0.133907638559612,0.0240116965368462,31.2643750766525,0.168964975482475,0.0552241309703297,1148,1004,-144,-0.199610115438459,1.7977714859347,0.0137834734054468,-0.587595363757045,144
2,18,0.03,11.1747421952896,0.166667715458901,0.133907638559612,0.0240116965368462,31.2643750766525,0.168964975482475,0.0552241309703297,953,828,-125,-0.199610115438459,1.7977714859347,0.0137834734054468,-0.587595363757045,125
2,19,0.03,11.1747421952896,0.166667715458901,0.133907638559612,0.0240116965368462,31.2643750766525,0.168964975482475,0.0552241309703297,771,687,-84,-0.199610115438459,1.7977714859347,0.0137834734054468,-0.587595363757045,84
2,20,0.03,11.1747421952896,0.166667715458901,0.133907638559612,0.0240116965368462,31.2643750766525,0.168964975482475,0.0552241309703297,620,588,-32,-0.199610115438459,1.7977714859347,0.0137834734054468,-0.587595363757045,32
2,21,0.03,11.1747421952896,0.166667715458901,0.133907638559612,0.0240116965368462,31.2643750766525,0.168964975482475,0.0552241309703297,513,492,-21,-0.199610115438459,1.7977714859347,0.0137834734054468,-0.587595363757045,21
2,22,0.03,11.1747421952896,0.166667715458901,0.133907638559612,0.0240116965368462,31.2643750766525,0.168964975482475,0.0552241309703297,431,402,-29,-0.199610115438459,1.7977714859347,0.0137834734054468,-0.587595363757045,29
2,23,0.03,11.1747421952896,0.166667715458901,0.133907638559612,0.0240116965368462,31.2643750766525,0.168964975482475,0.0552241309703297,374,334,-40,-0.199610115438459,1.7977714859347,0.0137834734054468,-0.587595363757045,40
2,24,0.03,11.1747421952896,0.166667715458901,0.133907638559612,0.0240116965368462,31.2643750766525,0.168964975482475,0.0552241309703297,319,267,-52,-0.199610115438459,1.7977714859347,0.0137834734054468,-0.587595363757045,52
2,25,0.03,11.1747421952896,0.166667715458901,0.133907638559612,0.0240116965368462,31.2643750766525,0.168964975482475,0.0552241309703297,262,221,-41,-0.199610115438459,1.7977714859347,0.0137834734054468,-0.587595363757045,41
2,26,0.03,11.1747421952896,0.166667715458901,0.133907638559612,0.0240116965368462,31.2643750766525,0.168964975482475,0.0552241309703297,226,176,-50,-0.199610115438459,1.7977714859347,0.0137834734054468,-0.587595363757045,50
2,27,0.03,11.1747421952896,0.166667715458901,0.133907638559612,0.0240116965368462,31.2643750766525,0.168964975482475,0.0552241309703297,193,150,-43,-0.199610115438459,1.7977714859347,0.0137834734054468,-0.587595363757045,43
2,28,0.03,11.1747421952896,0.166667715458901,0.133907638559612,0.0240116965368462,31.2643750766525,0.168964975482475,0.0552241309703297,151,123,-28,-0.199610115438459,1.7977714859347,0.0137834734054468,-0.587595363757045,28
2,29,0.03,11.1747421952896,0.166667715458901,0.133907638559612,0.0240116965368462,31.2643750766525,0.168964975482475,0.0552241309703297,124,103,-21,-0.199610115438459,1.7977714859347,0.0137834734054468,-0.587595363757045,21
2,30,0.03,11.1747421952896,0.166667715458901,0.133907638559612,0.0240116965368462,31.2643750766525,0.168964975482475,0.0552241309703297,103,89,-14,-0.199610115438459,1.7977714859347,0.0137834734054468,-0.587595363757045,14
3,0,0.0733,11.6453331848606,0.248129191881858,0.0682116767667599,0.0661466907521707,9.8624570486703,0.255509789178121,0.0858872972211695,733,661,-72,-0.0975894849635651,-0.15309790693736,0.029744977768587,0.25912895404769,72
3,1,0.0733,11.6453331848606,0.248129191881858,0.0682116767667599,0.0661466907521707,9.8624570486703,0.255509789178121,0.0858872972211695,1094,1008,-86,-0.0975894849635651,-0.15309790693736,0.029744977768587,0.25912895404769,86
3,2,0.0733,11.6453331848606,0.248129191881858,0.0682116767667599,0.0661466907521707,9.8624570486703,0.255509789178121,0.0858872972211695,1592,1481,-111,-0.0975894849635651,-0.15309790693736,0.029744977768587,0.25912895404769,111
3,3,0.0733,11.6453331848606,0.248129191881858,0.0682116767667599,0.0661466907521707,9.8624570486703,0.255509789178121,0.0858872972211695,2103,2031,-72,-0.0975894849635651,-0.15309790693736,0.029744977768587,0.25912895404769,72
3,4,0.0733,11.6453331848606,0.248129191881858,0.0682116767667599,0.0661466907521707,9.8624570486703,0.255509789178121,0.0858872972211695,2591,2532,-59,-0.0975894849635651,-0.15309790693736,0.029744977768587,0.25912895404769,59
3,5,0.0733,11.6453331848606,0.248129191881858,0.0682116767667599,0.0661466907521707,9.8624570486703,0.255509789178121,0.0858872972211695,3040,2990,-50,-0.0975894849635651,-0.15309790693736,0.029744977768587,0.25912895404769,50
3,6,0.0733,11.6453331848606,0.248129191881858,0.0682116767667599,0.0661466907521707,9.8624570486703,0.255509789178121,0.0858872972211695,3288,3308,20,-0.0975894849635651,-0.15309790693736,0.029744977768587,0.25912895404769,20
3,7,0.0733,11.6453331848606,0.248129191881858,0.0682116767667599,0.0661466907521707,9.8624570486703,0.255509789178121,0.0858872972211695,3328,3353,25,-0.0975894849635651,-0.15309790693736,0.029744977768587,0.25912895404769,25
3,8,0.0733,11.6453331848606,0.248129191881858,0.0682116767667599,0.0661466907521707,9.8624570486703,0.255509789178121,0.0858872972211695,3099,3182,83,-0.0975894849635651,-0.15309790693736,0.029744977768587,0.25912895404769,83
3,9,0.0733,11.6453331848606,0.248129191881858,0.0682116767667599,0.0661466907521707,9.8624570486703,0.255509789178121,0.0858872972211695,2790,2909,119,-0.0975894849635651,-0.15309790693736,0.029744977768587,0.25912895404769,119
3,10,0.0733,11.6453331848606,0.248129191881858,0.0682116767667599,0.0661466907521707,9.8624570486703,0.255509789178121,0.0858872972211695,2470,2591,121,-0.0975894849635651,-0.15309790693736,0.029744977768587,0.25912895404769,121
3,11,0.0733,11.6453331848606,0.248129191881858,0.0682116767667599,0.0661466907521707,9.8624570486703,0.255509789178121,0.0858872972211695,2123,2233,110,-0.0975894849635651,-0.15309790693736,0.029744977768587,0.25912895404769,110
3,12,0.0733,11.6453331848606,0.248129191881858,0.0682116767667599,0.0661466907521707,9.8624570486703,0.255509789178121,0.0858872972211695,1815,1873,58,-0.0975894849635651,-0.15309790693736,0.029744977768587,0.25912895404769,58
3,13,0.0733,11.6453331848606,0.248129191881858,0.0682116767667599,0.0661466907521707,9.8624570486703,0.255509789178121,0.0858872972211695,1510,1503,-7,-0.0975894849635651,-0.15309790693736,0.029744977768587,0.25912895404769,7
3,14,0.0733,11.6453331848606,0.248129191881858,0.0682116767667599,0.0661466907521707,9.8624570486703,0.255509789178121,0.0858872972211695,1263,1255,-8,-0.0975894849635651,-0.15309790693736,0.029744977768587,0.25912895404769,8
3,15,0.0733,11.6453331848606,0.248129191881858,0.0682116767667599,0.0661466907521707,9.8624570486703,0.255509789178121,0.0858872972211695,1035,1014,-21,-0.0975894849635651,-0.15309790693736,0.029744977768587,0.25912895404769,21
3,16,0.0733,11.6453331848606,0.248129191881858,0.0682116767667599,0.0661466907521707,9.8624570486703,0.255509789178121,0.0858872972211695,819,790,-29,-0.0975894849635651,-0.15309790693736,0.029744977768587,0.25912895404769,29
3,17,0.0733,11.6453331848606,0.248129191881858,0.0682116767667599,0.0661466907521707,9.8624570486703,0.255509789178121,0.0858872972211695,647,622,-25,-0.0975894849635651,-0.15309790693736,0.029744977768587,0.25912895404769,25
3,18,0.0733,11.6453331848606,0.248129191881858,0.0682116767667599,0.0661466907521707,9.8624570486703,0.255509789178121,0.0858872972211695,533,507,-26,-0.0975894849635651,-0.15309790693736,0.029744977768587,0.25912895404769,26
3,19,0.0733,11.6453331848606,0.248129191881858,0.0682116767667599,0.0661466907521707,9.8624570486703,0.255509789178121,0.0858872972211695,429,399,-30,-0.0975894849635651,-0.15309790693736,0.029744977768587,0.25912895404769,30
3,20,0.0733,11.6453331848606,0.248129191881858,0.0682116767667599,0.0661466907521707,9.8624570486703,0.255509789178121,0.0858872972211695,355,302,-53,-0.0975894849635651,-0.15309790693736,0.029744977768587,0.25912895404769,53
3,21,0.0733,11.6453331848606,0.248129191881858,0.0682116767667599,0.0661466907521707,9.8624570486703,0.255509789178121,0.0858872972211695,284,249,-35,-0.0975894849635651,-0.15309790693736,0.029744977768587,0.25912895404769,35
3,22,0.0733,11.6453331848606,0.248129191881858,0.0682116767667599,0.0661466907521707,9.8624570486703,0.255509789178121,0.0858872972211695,216,190,-26,-0.0975894849635651,-0.15309790693736,0.029744977768587,0.25912895404769,26
3,23,0.0733,11.6453331848606,0.248129191881858,0.0682116767667599,0.0661466907521707,9.8624570486703,0.255509789178121,0.0858872972211695,186,169,-17,-0.0975894849635651,-0.15309790693736,0.029744977768587,0.25912895404769,17
3,24,0.0733,11.6453331848606,0.248129191881858,0.0682116767667599,0.0661466907521707,9.8624570486703,0.255509789178121,0.0858872972211695,146,132,-14,-0.0975894849635651,-0.15309790693736,0.029744977768587,0.25912895404769,14
3,25,0.0733,11.6453331848606,0.248129191881858,0.0682116767667599,0.0661466907521707,9.8624570486703,0.255509789178121,0.0858872972211695,117,100,-17,-0.0975894849635651,-0.15309790693736,0.029744977768587,0.25912895404769,17
3,26,0.0733,11.6453331848606,0.248129191881858,0.0682116767667599,0.0661466907521707,9.8624570486703,0.255509789178121,0.0858872972211695,83,80,-3,-0.0975894849635651,-0.15309790693736,0.029744977768587,0.25912895404769,3
3,27,0.0733,11.6453331848606,0.248129191881858,0.0682116767667599,0.0661466907521707,9.8624570486703,0.255509789178121,0.0858872972211695,66,67,1,-0.0975894849635651,-0.15309790693736,0.029744977768587,0.25912895404769,1
3,28,0.0733,11.6453331848606,0.248129191881858,0.0682116767667599,0.0661466907521707,9.8624570486703,0.255509789178121,0.0858872972211695,55,56,1,-0.0975894849635651,-0.15309790693736,0.029744977768587,0.25912895404769,1
3,29,0.0733,11.6453331848606,0.248129191881858,0.0682116767667599,0.0661466907521707,9.8624570486703,0.255509789178121,0.0858872972211695,52,43,-9,-0.0975894849635651,-0.15309790693736,0.029744977768587,0.25912895404769,9
3,30,0.0733,11.6453331848606,0.248129191881858,0.0682116767667599,0.0661466907521707,9.8624570486703,0.255509789178121,0.0858872972211695,40,34,-6,-0.0975894849635651,-0.15309790693736,0.029744977768587,0.25912895404769,6
4,0,0.1186,11.4125360758044,0.0992009749994882,0.0567576158408858,0.140669202212347,14.2552191685966,0.0989798942786221,0.0397305560325934,1186,1406,220,0.186080963004614,0.249084259091104,-0.00222861439484066,-0.299996036761411,220
4,1,0.1186,11.4125360758044,0.0992009749994882,0.0567576158408858,0.140669202212347,14.2552191685966,0.0989798942786221,0.0397305560325934,1697,1920,223,0.186080963004614,0.249084259091104,-0.00222861439484066,-0.299996036761411,223
4,2,0.1186,11.4125360758044,0.0992009749994882,0.0567576158408858,0.140669202212347,14.2552191685966,0.0989798942786221,0.0397305560325934,2386,2494,108,0.186080963004614,0.249084259091104,-0.00222861439484066,-0.299996036761411,108
4,3,0.1186,11.4125360758044,0.0992009749994882,0.0567576158408858,0.140669202212347,14.2552191685966,0.0989798942786221,0.0397305560325934,3148,3150,2,0.186080963004614,0.249084259091104,-0.00222861439484066,-0.299996036761411,2
4,4,0.1186,11.4125360758044,0.0992009749994882,0.0567576158408858,0.140669202212347,14.2552191685966,0.0989798942786221,0.0397305560325934,3914,3812,-102,0.186080963004614,0.249084259091104,-0.00222861439484066,-0.299996036761411,102
4,5,0.1186,11.4125360758044,0.0992009749994882,0.0567576158408858,0.140669202212347,14.2552191685966,0.0989798942786221,0.0397305560325934,4564,4392,-172,0.186080963004614,0.249084259091104,-0.00222861439484066,-0.299996036761411,172
4,6,0.1186,11.4125360758044,0.0992009749994882,0.0567576158408858,0.140669202212347,14.2552191685966,0.0989798942786221,0.0397305560325934,5086,4820,-266,0.186080963004614,0.249084259091104,-0.00222861439484066,-0.299996036761411,266
4,7,0.1186,11.4125360758044,0.0992009749994882,0.0567576158408858,0.140669202212347,14.2552191685966,0.0989798942786221,0.0397305560325934,5373,5067,-306,0.186080963004614,0.249084259091104,-0.00222861439484066,-0.299996036761411,306
4,8,0.1186,11.4125360758044,0.0992009749994882,0.0567576158408858,0.140669202212347,14.2552191685966,0.0989798942786221,0.0397305560325934,5422,5215,-207,0.186080963004614,0.249084259091104,-0.00222861439484066,-0.299996036761411,207
4,9,0.1186,11.4125360758044,0.0992009749994882,0.0567576158408858,0.140669202212347,14.2552191685966,0.0989798942786221,0.0397305560325934,5395,5188,-207,0.186080963004614,0.249084259091104,-0.00222861439484066,-0.299996036761411,207
4,10,0.1186,11.4125360758044,0.0992009749994882,0.0567576158408858,0.140669202212347,14.2552191685966,0.0989798942786221,0.0397305560325934,5201,5023,-178,0.186080963004614,0.249084259091104,-0.00222861439484066,-0.299996036761411,178
4,11,0.1186,11.4125360758044,0.0992009749994882,0.0567576158408858,0.140669202212347,14.2552191685966,0.0989798942786221,0.0397305560325934,4941,4795,-146,0.186080963004614,0.249084259091104,-0.00222861439484066,-0.299996036761411,146
4,12,0.1186,11.4125360758044,0.0992009749994882,0.0567576158408858,0.140669202212347,14.2552191685966,0.0989798942786221,0.0397305560325934,4646,4540,-106,0.186080963004614,0.249084259091104,-0.00222861439484066,-0.299996036761411,106
4,13,0.1186,11.4125360758044,0.0992009749994882,0.0567576158408858,0.140669202212347,14.2552191685966,0.0989798942786221,0.0397305560325934,4303,4281,-22,0.186080963004614,0.249084259091104,-0.00222861439484066,-0.299996036761411,22
4,14,0.1186,11.4125360758044,0.0992009749994882,0.0567576158408858,0.140669202212347,14.2552191685966,0.0989798942786221,0.0397305560325934,3999,4006,7,0.186080963004614,0.249084259091104,-0.00222861439484066,-0.299996036761411,7
4,15,0.1186,11.4125360758044,0.0992009749994882,0.0567576158408858,0.140669202212347,14.2552191685966,0.0989798942786221,0.0397305560325934,3674,3708,34,0.186080963004614,0.249084259091104,-0.00222861439484066,-0.299996036761411,34
4,16,0.1186,11.4125360758044,0.0992009749994882,0.0567576158408858,0.140669202212347,14.2552191685966,0.0989798942786221,0.0397305560325934,3344,3413,69,0.186080963004614,0.249084259091104,-0.00222861439484066,-0.299996036761411,69
4,17,0.1186,11.4125360758044,0.0992009749994882,0.0567576158408858,0.140669202212347,14.2552191685966,0.0989798942786221,0.0397305560325934,3038,3136,98,0.186080963004614,0.249084259091104,-0.00222861439484066,-0.299996036761411,98
4,18,0.1186,11.4125360758044,0.0992009749994882,0.0567576158408858,0.140669202212347,14.2552191685966,0.0989798942786221,0.0397305560325934,2776,2882,106,0.186080963004614,0.249084259091104,-0.00222861439484066,-0.299996036761411,106
4,19,0.1186,11.4125360758044,0.0992009749994882,0.0567576158408858,0.140669202212347,14.2552191685966,0.0989798942786221,0.0397305560325934,2551,2600,49,0.186080963004614,0.249084259091104,-0.00222861439484066,-0.299996036761411,49
4,20,0.1186,11.4125360758044,0.0992009749994882,0.0567576158408858,0.140669202212347,14.2552191685966,0.0989798942786221,0.0397305560325934,2323,2346,23,0.186080963004614,0.249084259091104,-0.00222861439484066,-0.299996036761411,23
4,21,0.1186,11.4125360758044,0.0992009749994882,0.0567576158408858,0.140669202212347,14.2552191685966,0.0989798942786221,0.0397305560325934,2098,2141,43,0.186080963004614,0.249084259091104,-0.00222861439484066,-0.299996036761411,43
4,22,0.1186,11.4125360758044,0.0992009749994882,0.0567576158408858,0.140669202212347,14.2552191685966,0.0989798942786221,0.0397305560325934,1884,1958,74,0.186080963004614,0.249084259091104,-0.00222861439484066,-0.299996036761411,74
4,23,0.1186,11.4125360758044,0.0992009749994882,0.0567576158408858,0.140669202212347,14.2552191685966,0.0989798942786221,0.0397305560325934,1710,1796,86,0.186080963004614,0.249084259091104,-0.00222861439484066,-0.299996036761411,86
4,24,0.1186,11.4125360758044,0.0992009749994882,0.0567576158408858,0.140669202212347,14.2552191685966,0.0989798942786221,0.0397305560325934,1540,1622,82,0.186080963004614,0.249084259091104,-0.00222861439484066,-0.299996036761411,82
4,25,0.1186,11.4125360758044,0.0992009749994882,0.0567576158408858,0.140669202212347,14.2552191685966,0.0989798942786221,0.0397305560325934,1394,1479,85,0.186080963004614,0.249084259091104,-0.00222861439484066,-0.299996036761411,85
4,26,0.1186,11.4125360758044,0.0992009749994882,0.0567576158408858,0.140669202212347,14.2552191685966,0.0989798942786221,0.0397305560325934,1285,1353,68,0.186080963004614,0.249084259091104,-0.00222861439484066,-0.299996036761411,68
4,27,0.1186,11.4125360758044,0.0992009749994882,0.0567576158408858,0.140669202212347,14.2552191685966,0.0989798942786221,0.0397305560325934,1159,1233,74,0.186080963004614,0.249084259091104,-0.00222861439484066,-0.299996036761411,74
4,28,0.1186,11.4125360758044,0.0992009749994882,0.0567576158408858,0.140669202212347,14.2552191685966,0.0989798942786221,0.0397305560325934,1062,1119,57,0.186080963004614,0.249084259091104,-0.00222861439484066,-0.299996036761411,57
4,29,0.1186,11.4125360758044,0.0992009749994882,0.0567576158408858,0.140669202212347,14.2552191685966,0.0989798942786221,0.0397305560325934,958,997,39,0.186080963004614,0.249084259091104,-0.00222861439484066,-0.299996036761411,39
4,30,0.1186,11.4125360758044,0.0992009749994882,0.0567576158408858,0.140669202212347,14.2552191685966,0.0989798942786221,0.0397305560325934,860,905,45,0.186080963004614,0.249084259091104,-0.00222861439484066,-0.299996036761411,45
5,0,0.0146,5.27998163364828,0.148906091892943,0.376424855165103,0.0200895027681426,3.21917642286379,0.145726847505532,0.545374897047997,146,200,54,0.375993340283741,-0.390305374861796,-0.0213506670344694,0.448828071697845,54
5,1,0.0146,5.27998163364828,0.148906091892943,0.376424855165103,0.0200895027681426,3.21917642286379,0.145726847505532,0.545374897047997,420,513,93,0.375993340283741,-0.390305374861796,-0.0213506670344694,0.448828071697845,93
5,2,0.0146,5.27998163364828,0.148906091892943,0.376424855165103,0.0200895027681426,3.21917642286379,0.145726847505532,0.545374897047997,1103,1274,171,0.375993340283741,-0.390305374861796,-0.0213506670344694,0.448828071697845,171
5,3,0.0146,5.27998163364828,0.148906091892943,0.376424855165103,0.0200895027681426,3.21917642286379,0.145726847505532,0.545374897047997,2607,2716,109,0.375993340283741,-0.390305374861796,-0.0213506670344694,0.448828071697845,109
5,4,0.0146,5.27998163364828,0.148906091892943,0.376424855165103,0.0200895027681426,3.21917642286379,0.145726847505532,0.545374897047997,4909,4899,-10,0.375993340283741,-0.390305374861796,-0.0213506670344694,0.448828071697845,10
5,5,0.0146,5.27998163364828,0.148906091892943,0.376424855165103,0.0200895027681426,3.21917642286379,0.145726847505532,0.545374897047997,6656,6543,-113,0.375993340283741,-0.390305374861796,-0.0213506670344694,0.448828071697845,113
5,6,0.0146,5.27998163364828,0.148906091892943,0.376424855165103,0.0200895027681426,3.21917642286379,0.145726847505532,0.545374897047997,6941,6802,-139,0.375993340283741,-0.390305374861796,-0.0213506670344694,0.448828071697845,139
5,7,0.0146,5.27998163364828,0.148906091892943,0.376424855165103,0.0200895027681426,3.21917642286379,0.145726847505532,0.545374897047997,6385,6291,-94,0.375993340283741,-0.390305374861796,-0.0213506670344694,0.448828071697845,94
5,8,0.0146,5.27998163364828,0.148906091892943,0.376424855165103,0.0200895027681426,3.21917642286379,0.145726847505532,0.545374897047997,5547,5583,36,0.375993340283741,-0.390305374861796,-0.0213506670344694,0.448828071697845,36
5,9,0.0146,5.27998163364828,0.148906091892943,0.376424855165103,0.0200895027681426,3.21917642286379,0.145726847505532,0.545374897047997,4797,4899,102,0.375993340283741,-0.390305374861796,-0.0213506670344694,0.448828071697845,102
5,10,0.0146,5.27998163364828,0.148906091892943,0.376424855165103,0.0200895027681426,3.21917642286379,0.145726847505532,0.545374897047997,4112,4224,112,0.375993340283741,-0.390305374861796,-0.0213506670344694,0.448828071697845,112
5,11,0.0146,5.27998163364828,0.148906091892943,0.376424855165103,0.0200895027681426,3.21917642286379,0.145726847505532,0.545374897047997,3498,3631,133,0.375993340283741,-0.390305374861796,-0.0213506670344694,0.448828071697845,133
5,12,0.0146,5.27998163364828,0.148906091892943,0.376424855165103,0.0200895027681426,3.21917642286379,0.145726847505532,0.545374897047997,2975,3136,161,0.375993340283741,-0.390305374861796,-0.0213506670344694,0.448828071697845,161
5,13,0.0146,5.27998163364828,0.148906091892943,0.376424855165103,0.0200895027681426,3.21917642286379,0.145726847505532,0.545374897047997,2521,2748,227,0.375993340283741,-0.390305374861796,-0.0213506670344694,0.448828071697845,227
5,14,0.0146,5.27998163364828,0.148906091892943,0.376424855165103,0.0200895027681426,3.21917642286379,0.145726847505532,0.545374897047997,2098,2353,255,0.375993340283741,-0.390305374861796,-0.0213506670344694,0.448828071697845,255
5,15,0.0146,5.27998163364828,0.148906091892943,0.376424855165103,0.0200895027681426,3.21917642286379,0.145726847505532,0.545374897047997,1801,2012,211,0.375993340283741,-0.390305374861796,-0.0213506670344694,0.448828071697845,211
5,16,0.0146,5.27998163364828,0.148906091892943,0.376424855165103,0.0200895027681426,3.21917642286379,0.145726847505532,0.545374897047997,1526,1722,196,0.375993340283741,-0.390305374861796,-0.0213506670344694,0.448828071697845,196
5,17,0.0146,5.27998163364828,0.148906091892943,0.376424855165103,0.0200895027681426,3.21917642286379,0.145726847505532,0.545374897047997,1307,1428,121,0.375993340283741,-0.390305374861796,-0.0213506670344694,0.448828071697845,121
5,18,0.0146,5.27998163364828,0.148906091892943,0.376424855165103,0.0200895027681426,3.21917642286379,0.145726847505532,0.545374897047997,1092,1204,112,0.375993340283741,-0.390305374861796,-0.0213506670344694,0.448828071697845,112
5,19,0.0146,5.27998163364828,0.148906091892943,0.376424855165103,0.0200895027681426,3.21917642286379,0.145726847505532,0.545374897047997,922,1023,101,0.375993340283741,-0.390305374861796,-0.0213506670344694,0.448828071697845,101
5,20,0.0146,5.27998163364828,0.148906091892943,0.376424855165103,0.0200895027681426,3.21917642286379,0.145726847505532,0.545374897047997,779,877,98,0.375993340283741,-0.390305374861796,-0.0213506670344694,0.448828071697845,98
5,21,0.0146,5.27998163364828,0.148906091892943,0.376424855165103,0.0200895027681426,3.21917642286379,0.145726847505532,0.545374897047997,658,764,106,0.375993340283741,-0.390305374861796,-0.0213506670344694,0.448828071697845,106
5,22,0.0146,5.27998163364828,0.148906091892943,0.376424855165103,0.0200895027681426,3.21917642286379,0.145726847505532,0.545374897047997,567,653,86,0.375993340283741,-0.390305374861796,-0.0213506670344694,0.448828071697845,86
5,23,0.0146,5.27998163364828,0.148906091892943,0.376424855165103,0.0200895027681426,3.21917642286379,0.145726847505532,0.545374897047997,494,554,60,0.375993340283741,-0.390305374861796,-0.0213506670344694,0.448828071697845,60
5,24,0.0146,5.27998163364828,0.148906091892943,0.376424855165103,0.0200895027681426,3.21917642286379,0.145726847505532,0.545374897047997,429,473,44,0.375993340283741,-0.390305374861796,-0.0213506670344694,0.448828071697845,44
5,25,0.0146,5.27998163364828,0.148906091892943,0.376424855165103,0.0200895027681426,3.21917642286379,0.145726847505532,0.545374897047997,366,397,31,0.375993340283741,-0.390305374861796,-0.0213506670344694,0.448828071697845,31
5,26,0.0146,5.27998163364828,0.148906091892943,0.376424855165103,0.0200895027681426,3.21917642286379,0.145726847505532,0.545374897047997,313,338,25,0.375993340283741,-0.390305374861796,-0.0213506670344694,0.448828071697845,25
5,27,0.0146,5.27998163364828,0.148906091892943,0.376424855165103,0.0200895027681426,3.21917642286379,0.145726847505532,0.545374897047997,262,293,31,0.375993340283741,-0.390305374861796,-0.0213506670344694,0.448828071697845,31
5,28,0.0146,5.27998163364828,0.148906091892943,0.376424855165103,0.0200895027681426,3.21917642286379,0.145726847505532,0.545374897047997,226,259,33,0.375993340283741,-0.390305374861796,-0.0213506670344694,0.448828071697845,33
5,29,0.0146,5.27998163364828,0.148906091892943,0.376424855165103,0.0200895027681426,3.21917642286379,0.145726847505532,0.545374897047997,191,217,26,0.375993340283741,-0.390305374861796,-0.0213506670344694,0.448828071697845,26
5,30,0.0146,5.27998163364828,0.148906091892943,0.376424855165103,0.0200895027681426,3.21917642286379,0.145726847505532,0.545374897047997,159,196,37,0.375993340283741,-0.390305374861796,-0.0213506670344694,0.448828071697845,37
6,0,0.1615,6.56981706153601,0.245762518657062,0.221417582815959,0.163583346853671,8.58329874683629,0.248685346915933,0.181079362865215,1615,1635,20,0.0128999805180862,0.306474543574205,0.0118928967478115,-0.182181647174216,20
6,1,0.1615,6.56981706153601,0.245762518657062,0.221417582815959,0.163583346853671,8.58329874683629,0.248685346915933,0.181079362865215,2869,2924,55,0.0128999805180862,0.306474543574205,0.0118928967478115,-0.182181647174216,55
6,2,0.1615,6.56981706153601,0.245762518657062,0.221417582815959,0.163583346853671,8.58329874683629,0.248685346915933,0.181079362865215,4169,4386,217,0.0128999805180862,0.306474543574205,0.0118928967478115,-0.182181647174216,217
6,3,0.1615,6.56981706153601,0.245762518657062,0.221417582815959,0.163583346853671,8.58329874683629,0.248685346915933,0.181079362865215,4959,5175,216,0.0128999805180862,0.306474543574205,0.0118928967478115,-0.182181647174216,216
6,4,0.1615,6.56981706153601,0.245762518657062,0.221417582815959,0.163583346853671,8.58329874683629,0.248685346915933,0.181079362865215,5045,5072,27,0.0128999805180862,0.306474543574205,0.0118928967478115,-0.182181647174216,27
6,5,0.1615,6.56981706153601,0.245762518657062,0.221417582815959,0.163583346853671,8.58329874683629,0.248685346915933,0.181079362865215,4542,4426,-116,0.0128999805180862,0.306474543574205,0.0118928967478115,-0.182181647174216,116
6,6,0.1615,6.56981706153601,0.245762518657062,0.221417582815959,0.163583346853671,8.58329874683629,0.248685346915933,0.181079362865215,3775,3670,-105,0.0128999805180862,0.306474543574205,0.0118928967478115,-0.182181647174216,105
6,7,0.1615,6.56981706153601,0.245762518657062,0.221417582815959,0.163583346853671,8.58329874683629,0.248685346915933,0.181079362865215,3002,2907,-95,0.0128999805180862,0.306474543574205,0.0118928967478115,-0.182181647174216,95
6,8,0.1615,6.56981706153601,0.245762518657062,0.221417582815959,0.163583346853671,8.58329874683629,0.248685346915933,0.181079362865215,2335,2278,-57,0.0128999805180862,0.306474543574205,0.0118928967478115,-0.182181647174216,57
6,9,0.1615,6.56981706153601,0.245762518657062,0.221417582815959,0.163583346853671,8.58329874683629,0.248685346915933,0.181079362865215,1816,1781,-35,0.0128999805180862,0.306474543574205,0.0118928967478115,-0.182181647174216,35
6,10,0.1615,6.56981706153601,0.245762518657062,0.221417582815959,0.163583346853671,8.58329874683629,0.248685346915933,0.181079362865215,1427,1383,-44,0.0128999805180862,0.306474543574205,0.0118928967478115,-0.182181647174216,44
6,11,0.1615,6.56981706153601,0.245762518657062,0.221417582815959,0.163583346853671,8.58329874683629,0.248685346915933,0.181079362865215,1086,1058,-28,0.0128999805180862,0.306474543574205,0.0118928967478115,-0.182181647174216,28
6,12,0.1615,6.56981706153601,0.245762518657062,0.221417582815959,0.163583346853671,8.58329874683629,0.248685346915933,0.181079362865215,826,799,-27,0.0128999805180862,0.306474543574205,0.0118928967478115,-0.182181647174216,27
6,13,0.1615,6.56981706153601,0.245762518657062,0.221417582815959,0.163583346853671,8.58329874683629,0.248685346915933,0.181079362865215,651,611,-40,0.0128999805180862,0.306474543574205,0.0118928967478115,-0.182181647174216,40
6,14,0.1615,6.56981706153601,0.245762518657062,0.221417582815959,0.163583346853671,8.58329874683629,0.248685346915933,0.181079362865215,485,455,-30,0.0128999805180862,0.306474543574205,0.0118928967478115,-0.182181647174216,30
6,15,0.1615,6.56981706153601,0.245762518657062,0.221417582815959,0.163583346853671,8.58329874683629,0.248685346915933,0.181079362865215,359,342,-17,0.0128999805180862,0.306474543574205,0.0118928967478115,-0.182181647174216,17
6,16,0.1615,6.56981706153601,0.245762518657062,0.221417582815959,0.163583346853671,8.58329874683629,0.248685346915933,0.181079362865215,280,261,-19,0.0128999805180862,0.306474543574205,0.0118928967478115,-0.182181647174216,19
6,17,0.1615,6.56981706153601,0.245762518657062,0.221417582815959,0.163583346853671,8.58329874683629,0.248685346915933,0.181079362865215,213,198,-15,0.0128999805180862,0.306474543574205,0.0118928967478115,-0.182181647174216,15
6,18,0.1615,6.56981706153601,0.245762518657062,0.221417582815959,0.163583346853671,8.58329874683629,0.248685346915933,0.181079362865215,164,153,-11,0.0128999805180862,0.306474543574205,0.0118928967478115,-0.182181647174216,11
6,19,0.1615,6.56981706153601,0.245762518657062,0.221417582815959,0.163583346853671,8.58329874683629,0.248685346915933,0.181079362865215,135,115,-20,0.0128999805180862,0.306474543574205,0.0118928967478115,-0.182181647174216,20
6,20,0.1615,6.56981706153601,0.245762518657062,0.221417582815959,0.163583346853671,8.58329874683629,0.248685346915933,0.181079362865215,104,94,-10,0.0128999805180862,0.306474543574205,0.0118928967478115,-0.182181647174216,10
6,21,0.1615,6.56981706153601,0.245762518657062,0.221417582815959,0.163583346853671,8.58329874683629,0.248685346915933,0.181079362865215,83,68,-15,0.0128999805180862,0.306474543574205,0.0118928967478115,-0.182181647174216,15
6,22,0.1615,6.56981706153601,0.245762518657062,0.221417582815959,0.163583346853671,8.58329874683629,0.248685346915933,0.181079362865215,64,46,-18,0.0128999805180862,0.306474543574205,0.0118928967478115,-0.182181647174216,18
6,23,0.1615,6.56981706153601,0.245762518657062,0.221417582815959,0.163583346853671,8.58329874683629,0.248685346915933,0.181079362865215,42,31,-11,0.0128999805180862,0.306474543574205,0.0118928967478115,-0.182181647174216,11
6,24,0.1615,6.56981706153601,0.245762518657062,0.221417582815959,0.163583346853671,8.58329874683629,0.248685346915933,0.181079362865215,41,25,-16,0.0128999805180862,0.306474543574205,0.0118928967478115,-0.182181647174216,16
6,25,0.1615,6.56981706153601,0.245762518657062,0.221417582815959,0.163583346853671,8.58329874683629,0.248685346915933,0.181079362865215,35,15,-20,0.0128999805180862,0.306474543574205,0.0118928967478115,-0.182181647174216,20
6,26,0.1615,6.56981706153601,0.245762518657062,0.221417582815959,0.163583346853671,8.58329874683629,0.248685346915933,0.181079362865215,30,11,-19,0.0128999805180862,0.306474543574205,0.0118928967478115,-0.182181647174216,19
6,27,0.1615,6.56981706153601,0.245762518657062,0.221417582815959,0.163583346853671,8.58329874683629,0.248685346915933,0.181079362865215,23,8,-15,0.0128999805180862,0.306474543574205,0.0118928967478115,-0.182181647174216,15
6,28,0.1615,6.56981706153601,0.245762518657062,0.221417582815959,0.163583346853671,8.58329874683629,0.248685346915933,0.181079362865215,16,6,-10,0.0128999805180862,0.306474543574205,0.0118928967478115,-0.182181647174216,10
6,29,0.1615,6.56981706153601,0.245762518657062,0.221417582815959,0.163583346853671,8.58329874683629,0.248685346915933,0.181079362865215,14,4,-10,0.0128999805180862,0.306474543574205,0.0118928967478115,-0.182181647174216,10
6,30,0.1615,6.56981706153601,0.245762518657062,0.221417582815959,0.163583346853671,8.58329874683629,0.248685346915933,0.181079362865215,8,3,-5,0.0128999805180862,0.306474543574205,0.0118928967478115,-0.182181647174216,5
7,0,0.0282,10.7965942495503,0.141689795959579,0.0420371168550892,0.0265270437950203,11.8866122718714,0.145990329666297,0.0415328154047677,282,265,-17,-0.0593246881198462,0.100959431939988,0.0303517531209096,-0.0119965755991294,17
7,1,0.0282,10.7965942495503,0.141689795959579,0.0420371168550892,0.0265270437950203,11.8866122718714,0.145990329666297,0.0415328154047677,371,368,-3,-0.0593246881198462,0.100959431939988,0.0303517531209096,-0.0119965755991294,3
7,2,0.0282,10.7965942495503,0.141689795959579,0.0420371168550892,0.0265270437950203,11.8866122718714,0.145990329666297,0.0415328154047677,474,495,21,-0.0593246881198462,0.100959431939988,0.0303517531209096,-0.0119965755991294,21
7,3,0.0282,10.7965942495503,0.141689795959579,0.0420371168550892,0.0265270437950203,11.8866122718714,0.145990329666297,0.0415328154047677,607,662,55,-0.0593246881198462,0.100959431939988,0.0303517531209096,-0.0119965755991294,55
7,4,0.0282,10.7965942495503,0.141689795959579,0.0420371168550892,0.0265270437950203,11.8866122718714,0.145990329666297,0.0415328154047677,769,869,100,-0.0593246881198462,0.100959431939988,0.0303517531209096,-0.0119965755991294,100
7,5,0.0282,10.7965942495503,0.141689795959579,0.0420371168550892,0.0265270437950203,11.8866122718714,0.145990329666297,0.0415328154047677,989,1106,117,-0.0593246881198462,0.100959431939988,0.0303517531209096,-0.0119965755991294,117
7,6,0.0282,10.7965942495503,0.141689795959579,0.0420371168550892,0.0265270437950203,11.8866122718714,0.145990329666297,0.0415328154047677,1239,1356,117,-0.0593246881198462,0.100959431939988,0.0303517531209096,-0.0119965755991294,117
7,7,0.0282,10.7965942495503,0.141689795959579,0.0420371168550892,0.0265270437950203,11.8866122718714,0.145990329666297,0.0415328154047677,1501,1670,169,-0.0593246881198462,0.100959431939988,0.0303517531209096,-0.0119965755991294,169
7,8,0.0282,10.7965942495503,0.141689795959579,0.0420371168550892,0.0265270437950203,11.8866122718714,0.145990329666297,0.0415328154047677,1812,2027,215,-0.0593246881198462,0.100959431939988,0.0303517531209096,-0.0119965755991294,215
7,9,0.0282,10.7965942495503,0.141689795959579,0.0420371168550892,0.0265270437950203,11.8866122718714,0.145990329666297,0.0415328154047677,2094,2351,257,-0.0593246881198462,0.100959431939988,0.0303517531209096,-0.0119965755991294,257
7,10,0.0282,10.7965942495503,0.141689795959579,0.0420371168550892,0.0265270437950203,11.8866122718714,0.145990329666297,0.0415328154047677,2367,2693,326,-0.0593246881198462,0.100959431939988,0.0303517531209096,-0.0119965755991294,326
7,11,0.0282,10.7965942495503,0.141689795959579,0.0420371168550892,0.0265270437950203,11.8866122718714,0.145990329666297,0.0415328154047677,2644,2917,273,-0.0593246881198462,0.100959431939988,0.0303517531209096,-0.0119965755991294,273
7,12,0.0282,10.7965942495503,0.141689795959579,0.0420371168550892,0.0265270437950203,11.8866122718714,0.145990329666297,0.0415328154047677,2875,3028,153,-0.0593246881198462,0.100959431939988,0.0303517531209096,-0.0119965755991294,153
7,13,0.0282,10.7965942495503,0.141689795959579,0.0420371168550892,0.0265270437950203,11.8866122718714,0.145990329666297,0.0415328154047677,2995,3180,185,-0.0593246881198462,0.100959431939988,0.0303517531209096,-0.0119965755991294,185
7,14,0.0282,10.7965942495503,0.141689795959579,0.0420371168550892,0.0265270437950203,11.8866122718714,0.145990329666297,0.0415328154047677,3121,3273,152,-0.0593246881198462,0.100959431939988,0.0303517531209096,-0.0119965755991294,152
7,15,0.0282,10.7965942495503,0.141689795959579,0.0420371168550892,0.0265270437950203,11.8866122718714,0.145990329666297,0.0415328154047677,3115,3238,123,-0.0593246881198462,0.100959431939988,0.0303517531209096,-0.0119965755991294,123
7,16,0.0282,10.7965942495503,0.141689795959579,0.0420371168550892,0.0265270437950203,11.8866122718714,0.145990329666297,0.0415328154047677,3135,3199,64,-0.0593246881198462,0.100959431939988,0.0303517531209096,-0.0119965755991294,64
7,17,0.0282,10.7965942495503,0.141689795959579,0.0420371168550892,0.0265270437950203,11.8866122718714,0.145990329666297,0.0415328154047677,3066,3058,-8,-0.0593246881198462,0.100959431939988,0.0303517531209096,-0.0119965755991294,8
7,18,0.0282,10.7965942495503,0.141689795959579,0.0420371168550892,0.0265270437950203,11.8866122718714,0.145990329666297,0.0415328154047677,2957,2944,-13,-0.0593246881198462,0.100959431939988,0.0303517531209096,-0.0119965755991294,13
7,19,0.0282,10.7965942495503,0.141689795959579,0.0420371168550892,0.0265270437950203,11.8866122718714,0.145990329666297,0.0415328154047677,2801,2737,-64,-0.0593246881198462,0.100959431939988,0.0303517531209096,-0.0119965755991294,64
7,20,0.0282,10.7965942495503,0.141689795959579,0.0420371168550892,0.0265270437950203,11.8866122718714,0.145990329666297,0.0415328154047677,2661,2512,-149,-0.0593246881198462,0.100959431939988,0.0303517531209096,-0.0119965755991294,149
7,21,0.0282,10.7965942495503,0.141689795959579,0.0420371168550892,0.0265270437950203,11.8866122718714,0.145990329666297,0.0415328154047677,2440,2308,-132,-0.0593246881198462,0.100959431939988,0.0303517531209096,-0.0119965755991294,132
7,22,0.0282,10.7965942495503,0.141689795959579,0.0420371168550892,0.0265270437950203,11.8866122718714,0.145990329666297,0.0415328154047677,2234,2107,-127,-0.0593246881198462,0.100959431939988,0.0303517531209096,-0.0119965755991294,127
7,23,0.0282,10.7965942495503,0.141689795959579,0.0420371168550892,0.0265270437950203,11.8866122718714,0.145990329666297,0.0415328154047677,2062,1897,-165,-0.0593246881198462,0.100959431939988,0.0303517531209096,-0.0119965755991294,165
7,24,0.0282,10.7965942495503,0.141689795959579,0.0420371168550892,0.0265270437950203,11.8866122718714,0.145990329666297,0.0415328154047677,1869,1693,-176,-0.0593246881198462,0.100959431939988,0.0303517531209096,-0.0119965755991294,176
7,25,0.0282,10.7965942495503,0.141689795959579,0.0420371168550892,0.0265270437950203,11.8866122718714,0.145990329666297,0.0415328154047677,1689,1546,-143,-0.0593246881198462,0.100959431939988,0.0303517531209096,-0.0119965755991294,143
7,26,0.0282,10.7965942495503,0.141689795959579,0.0420371168550892,0.0265270437950203,11.8866122718714,0.145990329666297,0.0415328154047677,1521,1388,-133,-0.0593246881198462,0.100959431939988,0.0303517531209096,-0.0119965755991294,133
7,27,0.0282,10.7965942495503,0.141689795959579,0.0420371168550892,0.0265270437950203,11.8866122718714,0.145990329666297,0.0415328154047677,1369,1233,-136,-0.0593246881198462,0.100959431939988,0.0303517531209096,-0.0119965755991294,136
7,28,0.0282,10.7965942495503,0.141689795959579,0.0420371168550892,0.0265270437950203,11.8866122718714,0.145990329666297,0.0415328154047677,1226,1113,-113,-0.0593246881198462,0.100959431939988,0.0303517531209096,-0.0119965755991294,113
7,29,0.0282,10.7965942495503,0.141689795959579,0.0420371168550892,0.0265270437950203,11.8866122718714,0.145990329666297,0.0415328154047677,1107,1006,-101,-0.0593246881198462,0.100959431939988,0.0303517531209096,-0.0119965755991294,101
7,30,0.0282,10.7965942495503,0.141689795959579,0.0420371168550892,0.0265270437950203,11.8866122718714,0.145990329666297,0.0415328154047677,1019,925,-94,-0.0593246881198462,0.100959431939988,0.0303517531209096,-0.0119965755991294,94
8,0,0.0396,8.98589718621224,0.24059062775964,0.136357853215277,0.0376066845596364,9.61235342729699,0.243449862153937,0.136357853215277,396,376,-20,-0.0503362484940311,0.0697154917425459,0.0118842301585942,0,20
8,1,0.0396,8.98589718621224,0.24059062775964,0.136357853215277,0.0376066845596364,9.61235342729699,0.243449862153937,0.136357853215277,768,736,-32,-0.0503362484940311,0.0697154917425459,0.0118842301585942,0,32
8,2,0.0396,8.98589718621224,0.24059062775964,0.136357853215277,0.0376066845596364,9.61235342729699,0.243449862153937,0.136357853215277,1419,1344,-75,-0.0503362484940311,0.0697154917425459,0.0118842301585942,0,75
8,3,0.0396,8.98589718621224,0.24059062775964,0.136357853215277,0.0376066845596364,9.61235342729699,0.243449862153937,0.136357853215277,2307,2291,-16,-0.0503362484940311,0.0697154917425459,0.0118842301585942,0,16
8,4,0.0396,8.98589718621224,0.24059062775964,0.136357853215277,0.0376066845596364,9.61235342729699,0.243449862153937,0.136357853215277,3373,3425,52,-0.0503362484940311,0.0697154917425459,0.0118842301585942,0,52
8,5,0.0396,8.98589718621224,0.24059062775964,0.136357853215277,0.0376066845596364,9.61235342729699,0.243449862153937,0.136357853215277,4285,4329,44,-0.0503362484940311,0.0697154917425459,0.0118842301585942,0,44
8,6,0.0396,8.98589718621224,0.24059062775964,0.136357853215277,0.0376066845596364,9.61235342729699,0.243449862153937,0.136357853215277,4543,4664,121,-0.0503362484940311,0.0697154917425459,0.0118842301585942,0,121
8,7,0.0396,8.98589718621224,0.24059062775964,0.136357853215277,0.0376066845596364,9.61235342729699,0.243449862153937,0.136357853215277,4326,4450,124,-0.0503362484940311,0.0697154917425459,0.0118842301585942,0,124
8,8,0.0396,8.98589718621224,0.24059062775964,0.136357853215277,0.0376066845596364,9.61235342729699,0.243449862153937,0.136357853215277,3837,3865,28,-0.0503362484940311,0.0697154917425459,0.0118842301585942,0,28
8,9,0.0396,8.98589718621224,0.24059062775964,0.136357853215277,0.0376066845596364,9.61235342729699,0.243449862153937,0.136357853215277,3245,3203,-42,-0.0503362484940311,0.0697154917425459,0.0118842301585942,0,42
8,10,0.0396,8.98589718621224,0.24059062775964,0.136357853215277,0.0376066845596364,9.61235342729699,0.243449862153937,0.136357853215277,2663,2604,-59,-0.0503362484940311,0.0697154917425459,0.0118842301585942,0,59
8,11,0.0396,8.98589718621224,0.24059062775964,0.136357853215277,0.0376066845596364,9.61235342729699,0.243449862153937,0.136357853215277,2123,2082,-41,-0.0503362484940311,0.0697154917425459,0.0118842301585942,0,41
8,12,0.0396,8.98589718621224,0.24059062775964,0.136357853215277,0.0376066845596364,9.61235342729699,0.243449862153937,0.136357853215277,1692,1643,-49,-0.0503362484940311,0.0697154917425459,0.0118842301585942,0,49
8,13,0.0396,8.98589718621224,0.24059062775964,0.136357853215277,0.0376066845596364,9.61235342729699,0.243449862153937,0.136357853215277,1317,1280,-37,-0.0503362484940311,0.0697154917425459,0.0118842301585942,0,37
8,14,0.0396,8.98589718621224,0.24059062775964,0.136357853215277,0.0376066845596364,9.61235342729699,0.243449862153937,0.136357853215277,1031,1023,-8,-0.0503362484940311,0.0697154917425459,0.0118842301585942,0,8
8,15,0.0396,8.98589718621224,0.24059062775964,0.136357853215277,0.0376066845596364,9.61235342729699,0.243449862153937,0.136357853215277,795,776,-19,-0.0503362484940311,0.0697154917425459,0.0118842301585942,0,19
8,16,0.0396,8.98589718621224,0.24059062775964,0.136357853215277,0.0376066845596364,9.61235342729699,0.243449862153937,0.136357853215277,599,560,-39,-0.0503362484940311,0.0697154917425459,0.0118842301585942,0,39
8,17,0.0396,8.98589718621224,0.24059062775964,0.136357853215277,0.0376066845596364,9.61235342729699,0.243449862153937,0.136357853215277,455,438,-17,-0.0503362484940311,0.0697154917425459,0.0118842301585942,0,17
8,18,0.0396,8.98589718621224,0.24059062775964,0.136357853215277,0.0376066845596364,9.61235342729699,0.243449862153937,0.136357853215277,366,329,-37,-0.0503362484940311,0.0697154917425459,0.0118842301585942,0,37
8,19,0.0396,8.98589718621224,0.24059062775964,0.136357853215277,0.0376066845596364,9.61235342729699,0.243449862153937,0.136357853215277,285,261,-24,-0.0503362484940311,0.0697154917425459,0.0118842301585942,0,24
8,20,0.0396,8.98589718621224,0.24059062775964,0.136357853215277,0.0376066845596364,9.61235342729699,0.243449862153937,0.136357853215277,227,207,-20,-0.0503362484940311,0.0697154917425459,0.0118842301585942,0,20
8,21,0.0396,8.98589718621224,0.24059062775964,0.136357853215277,0.0376066845596364,9.61235342729699,0.243449862153937,0.136357853215277,169,151,-18,-0.0503362484940311,0.0697154917425459,0.0118842301585942,0,18
8,22,0.0396,8.98589718621224,0.24059062775964,0.136357853215277,0.0376066845596364,9.61235342729699,0.243449862153937,0.136357853215277,127,119,-8,-0.0503362484940311,0.0697154917425459,0.0118842301585942,0,8
8,23,0.0396,8.98589718621224,0.24059062775964,0.136357853215277,0.0376066845596364,9.61235342729699,0.243449862153937,0.136357853215277,93,91,-2,-0.0503362484940311,0.0697154917425459,0.0118842301585942,0,2
8,24,0.0396,8.98589718621224,0.24059062775964,0.136357853215277,0.0376066845596364,9.61235342729699,0.243449862153937,0.136357853215277,71,75,4,-0.0503362484940311,0.0697154917425459,0.0118842301585942,0,4
8,25,0.0396,8.98589718621224,0.24059062775964,0.136357853215277,0.0376066845596364,9.61235342729699,0.243449862153937,0.136357853215277,49,57,8,-0.0503362484940311,0.0697154917425459,0.0118842301585942,0,8
8,26,0.0396,8.98589718621224,0.24059062775964,0.136357853215277,0.0376066845596364,9.61235342729699,0.243449862153937,0.136357853215277,43,42,-1,-0.0503362484940311,0.0697154917425459,0.0118842301585942,0,1
8,27,0.0396,8.98589718621224,0.24059062775964,0.136357853215277,0.0376066845596364,9.61235342729699,0.243449862153937,0.136357853215277,29,29,0,-0.0503362484940311,0.0697154917425459,0.0118842301585942,0,0
8,28,0.0396,8.98589718621224,0.24059062775964,0.136357853215277,0.0376066845596364,9.61235342729699,0.243449862153937,0.136357853215277,23,26,3,-0.0503362484940311,0.0697154917425459,0.0118842301585942,0,3
8,29,0.0396,8.98589718621224,0.24059062775964,0.136357853215277,0.0376066845596364,9.61235342729699,0.243449862153937,0.136357853215277,15,24,9,-0.0503362484940311,0.0697154917425459,0.0118842301585942,0,9
8,30,0.0396,8.98589718621224,0.24059062775964,0.136357853215277,0.0376066845596364,9.61235342729699,0.243449862153937,0.136357853215277,13,17,4,-0.0503362484940311,0.0697154917425459,0.0118842301585942,0,4
9,0,0.029,6.81214897427708,0.139008194678135,0.0327448096113822,0.029,6.81214897427708,0.118160391134708,0.0266613379512183,290,290,0,0,0,-0.149975356429153,-0.18578430390535,0
9,1,0.029,6.81214897427708,0.139008194678135,0.0327448096113822,0.029,6.81214897427708,0.118160391134708,0.0266613379512183,308,311,3,0,0,-0.149975356429153,-0.18578430390535,3
9,2,0.029,6.81214897427708,0.139008194678135,0.0327448096113822,0.029,6.81214897427708,0.118160391134708,0.0266613379512183,344,314,-30,0,0,-0.149975356429153,-0.18578430390535,30
9,3,0.029,6.81214897427708,0.139008194678135,0.0327448096113822,0.029,6.81214897427708,0.118160391134708,0.0266613379512183,377,350,-27,0,0,-0.149975356429153,-0.18578430390535,27
9,4,0.029,6.81214897427708,0.139008194678135,0.0327448096113822,0.029,6.81214897427708,0.118160391134708,0.0266613379512183,392,379,-13,0,0,-0.149975356429153,-0.18578430390535,13
9,5,0.029,6.81214897427708,0.139008194678135,0.0327448096113822,0.029,6.81214897427708,0.118160391134708,0.0266613379512183,405,399,-6,0,0,-0.149975356429153,-0.18578430390535,6
9,6,0.029,6.81214897427708,0.139008194678135,0.0327448096113822,0.029,6.81214897427708,0.118160391134708,0.0266613379512183,451,422,-29,0,0,-0.149975356429153,-0.18578430390535,29
9,7,0.029,6.81214897427708,0.139008194678135,0.0327448096113822,0.029,6.81214897427708,0.118160391134708,0.0266613379512183,469,430,-39,0,0,-0.149975356429153,-0.18578430390535,39
9,8,0.029,6.81214897427708,0.139008194678135,0.0327448096113822,0.029,6.81214897427708,0.118160391134708,0.0266613379512183,505,463,-42,0,0,-0.149975356429153,-0.18578430390535,42
9,9,0.029,6.81214897427708,0.139008194678135,0.0327448096113822,0.029,6.81214897427708,0.118160391134708,0.0266613379512183,544,487,-57,0,0,-0.149975356429153,-0.18578430390535,57
9,10,0.029,6.81214897427708,0.139008194678135,0.0327448096113822,0.029,6.81214897427708,0.118160391134708,0.0266613379512183,570,495,-75,0,0,-0.149975356429153,-0.18578430390535,75
9,11,0.029,6.81214897427708,0.139008194678135,0.0327448096113822,0.029,6.81214897427708,0.118160391134708,0.0266613379512183,597,520,-77,0,0,-0.149975356429153,-0.18578430390535,77
9,12,0.029,6.81214897427708,0.139008194678135,0.0327448096113822,0.029,6.81214897427708,0.118160391134708,0.0266613379512183,594,542,-52,0,0,-0.149975356429153,-0.18578430390535,52
9,13,0.029,6.81214897427708,0.139008194678135,0.0327448096113822,0.029,6.81214897427708,0.118160391134708,0.0266613379512183,627,596,-31,0,0,-0.149975356429153,-0.18578430390535,31
9,14,0.029,6.81214897427708,0.139008194678135,0.0327448096113822,0.029,6.81214897427708,0.118160391134708,0.0266613379512183,675,625,-50,0,0,-0.149975356429153,-0.18578430390535,50
9,15,0.029,6.81214897427708,0.139008194678135,0.0327448096113822,0.029,6.81214897427708,0.118160391134708,0.0266613379512183,702,630,-72,0,0,-0.149975356429153,-0.18578430390535,72
9,16,0.029,6.81214897427708,0.139008194678135,0.0327448096113822,0.029,6.81214897427708,0.118160391134708,0.0266613379512183,770,654,-116,0,0,-0.149975356429153,-0.18578430390535,116
9,17,0.029,6.81214897427708,0.139008194678135,0.0327448096113822,0.029,6.81214897427708,0.118160391134708,0.0266613379512183,783,665,-118,0,0,-0.149975356429153,-0.18578430390535,118
9,18,0.029,6.81214897427708,0.139008194678135,0.0327448096113822,0.029,6.81214897427708,0.118160391134708,0.0266613379512183,841,671,-170,0,0,-0.149975356429153,-0.18578430390535,170
9,19,0.029,6.81214897427708,0.139008194678135,0.0327448096113822,0.029,6.81214897427708,0.118160391134708,0.0266613379512183,877,697,-180,0,0,-0.149975356429153,-0.18578430390535,180
9,20,0.029,6.81214897427708,0.139008194678135,0.0327448096113822,0.029,6.81214897427708,0.118160391134708,0.0266613379512183,909,738,-171,0,0,-0.149975356429153,-0.18578430390535,171
9,21,0.029,6.81214897427708,0.139008194678135,0.0327448096113822,0.029,6.81214897427708,0.118160391134708,0.0266613379512183,929,760,-169,0,0,-0.149975356429153,-0.18578430390535,169
9,22,0.029,6.81214897427708,0.139008194678135,0.0327448096113822,0.029,6.81214897427708,0.118160391134708,0.0266613379512183,936,770,-166,0,0,-0.149975356429153,-0.18578430390535,166
9,23,0.029,6.81214897427708,0.139008194678135,0.0327448096113822,0.029,6.81214897427708,0.118160391134708,0.0266613379512183,953,790,-163,0,0,-0.149975356429153,-0.18578430390535,163
9,24,0.029,6.81214897427708,0.139008194678135,0.0327448096113822,0.029,6.81214897427708,0.118160391134708,0.0266613379512183,982,803,-179,0,0,-0.149975356429153,-0.18578430390535,179
9,25,0.029,6.81214897427708,0.139008194678135,0.0327448096113822,0.029,6.81214897427708,0.118160391134708,0.0266613379512183,989,795,-194,0,0,-0.149975356429153,-0.18578430390535,194
9,26,0.029,6.81214897427708,0.139008194678135,0.0327448096113822,0.029,6.81214897427708,0.118160391134708,0.0266613379512183,982,793,-189,0,0,-0.149975356429153,-0.18578430390535,189
9,27,0.029,6.81214897427708,0.139008194678135,0.0327448096113822,0.029,6.81214897427708,0.118160391134708,0.0266613379512183,1000,780,-220,0,0,-0.149975356429153,-0.18578430390535,220
9,28,0.029,6.81214897427708,0.139008194678135,0.0327448096113822,0.029,6.81214897427708,0.118160391134708,0.0266613379512183,1009,777,-232,0,0,-0.149975356429153,-0.18578430390535,232
9,29,0.029,6.81214897427708,0.139008194678135,0.0327448096113822,0.029,6.81214897427708,0.118160391134708,0.0266613379512183,992,799,-193,0,0,-0.149975356429153,-0.18578430390535,193
9,30,0.029,6.81214897427708,0.139008194678135,0.0327448096113822,0.029,6.81214897427708,0.118160391134708,0.0266613379512183,974,830,-144,0,0,-0.149975356429153,-0.18578430390535,144
10,0,0.1413,9.47441217489541,0.0783203282699857,0.0238757186337041,0.142172351776085,11.4191929496415,0.0781256972196316,0.021690047942825,1413,1421,8,0.00617375637710384,0.205266642283019,-0.00248506428220296,-0.0915436609222606,8
10,1,0.1413,9.47441217489541,0.0783203282699857,0.0238757186337041,0.142172351776085,11.4191929496415,0.0781256972196316,0.021690047942825,1592,1611,19,0.00617375637710384,0.205266642283019,-0.00248506428220296,-0.0915436609222606,19
10,2,0.1413,9.47441217489541,0.0783203282699857,0.0238757186337041,0.142172351776085,11.4191929496415,0.0781256972196316,0.021690047942825,1774,1831,57,0.00617375637710384,0.205266642283019,-0.00248506428220296,-0.0915436609222606,57
10,3,0.1413,9.47441217489541,0.0783203282699857,0.0238757186337041,0.142172351776085,11.4191929496415,0.0781256972196316,0.021690047942825,1922,2048,126,0.00617375637710384,0.205266642283019,-0.00248506428220296,-0.0915436609222606,126
10,4,0.1413,9.47441217489541,0.0783203282699857,0.0238757186337041,0.142172351776085,11.4191929496415,0.0781256972196316,0.021690047942825,2096,2260,164,0.00617375637710384,0.205266642283019,-0.00248506428220296,-0.0915436609222606,164
10,5,0.1413,9.47441217489541,0.0783203282699857,0.0238757186337041,0.142172351776085,11.4191929496415,0.0781256972196316,0.021690047942825,2292,2463,171,0.00617375637710384,0.205266642283019,-0.00248506428220296,-0.0915436609222606,171
10,6,0.1413,9.47441217489541,0.0783203282699857,0.0238757186337041,0.142172351776085,11.4191929496415,0.0781256972196316,0.021690047942825,2445,2616,171,0.00617375637710384,0.205266642283019,-0.00248506428220296,-0.0915436609222606,171
10,7,0.1413,9.47441217489541,0.0783203282699857,0.0238757186337041,0.142172351776085,11.4191929496415,0.0781256972196316,0.021690047942825,2629,2789,160,0.00617375637710384,0.205266642283019,-0.00248506428220296,-0.0915436609222606,160
10,8,0.1413,9.47441217489541,0.0783203282699857,0.0238757186337041,0.142172351776085,11.4191929496415,0.0781256972196316,0.021690047942825,2794,2985,191,0.00617375637710384,0.205266642283019,-0.00248506428220296,-0.0915436609222606,191
10,9,0.1413,9.47441217489541,0.0783203282699857,0.0238757186337041,0.142172351776085,11.4191929496415,0.0781256972196316,0.021690047942825,2927,3139,212,0.00617375637710384,0.205266642283019,-0.00248506428220296,-0.0915436609222606,212
10,10,0.1413,9.47441217489541,0.0783203282699857,0.0238757186337041,0.142172351776085,11.4191929496415,0.0781256972196316,0.021690047942825,3039,3276,237,0.00617375637710384,0.205266642283019,-0.00248506428220296,-0.0915436609222606,237
10,11,0.1413,9.47441217489541,0.0783203282699857,0.0238757186337041,0.142172351776085,11.4191929496415,0.0781256972196316,0.021690047942825,3129,3404,275,0.00617375637710384,0.205266642283019,-0.00248506428220296,-0.0915436609222606,275
10,12,0.1413,9.47441217489541,0.0783203282699857,0.0238757186337041,0.142172351776085,11.4191929496415,0.0781256972196316,0.021690047942825,3234,3492,258,0.00617375637710384,0.205266642283019,-0.00248506428220296,-0.0915436609222606,258
10,13,0.1413,9.47441217489541,0.0783203282699857,0.0238757186337041,0.142172351776085,11.4191929496415,0.0781256972196316,0.021690047942825,3298,3530,232,0.00617375637710384,0.205266642283019,-0.00248506428220296,-0.0915436609222606,232
10,14,0.1413,9.47441217489541,0.0783203282699857,0.0238757186337041,0.142172351776085,11.4191929496415,0.0781256972196316,0.021690047942825,3350,3561,211,0.00617375637710384,0.205266642283019,-0.00248506428220296,-0.0915436609222606,211
10,15,0.1413,9.47441217489541,0.0783203282699857,0.0238757186337041,0.142172351776085,11.4191929496415,0.0781256972196316,0.021690047942825,3399,3545,146,0.00617375637710384,0.205266642283019,-0.00248506428220296,-0.0915436609222606,146
10,16,0.1413,9.47441217489541,0.0783203282699857,0.0238757186337041,0.142172351776085,11.4191929496415,0.0781256972196316,0.021690047942825,3406,3525,119,0.00617375637710384,0.205266642283019,-0.00248506428220296,-0.0915436609222606,119
10,17,0.1413,9.47441217489541,0.0783203282699857,0.0238757186337041,0.142172351776085,11.4191929496415,0.0781256972196316,0.021690047942825,3380,3496,116,0.00617375637710384,0.205266642283019,-0.00248506428220296,-0.0915436609222606,116
10,18,0.1413,9.47441217489541,0.0783203282699857,0.0238757186337041,0.142172351776085,11.4191929496415,0.0781256972196316,0.021690047942825,3317,3445,128,0.00617375637710384,0.205266642283019,-0.00248506428220296,-0.0915436609222606,128
10,19,0.1413,9.47441217489541,0.0783203282699857,0.0238757186337041,0.142172351776085,11.4191929496415,0.0781256972196316,0.021690047942825,3255,3398,143,0.00617375637710384,0.205266642283019,-0.00248506428220296,-0.0915436609222606,143
10,20,0.1413,9.47441217489541,0.0783203282699857,0.0238757186337041,0.142172351776085,11.4191929496415,0.0781256972196316,0.021690047942825,3176,3296,120,0.00617375637710384,0.205266642283019,-0.00248506428220296,-0.0915436609222606,120
10,21,0.1413,9.47441217489541,0.0783203282699857,0.0238757186337041,0.142172351776085,11.4191929496415,0.0781256972196316,0.021690047942825,3096,3203,107,0.00617375637710384,0.205266642283019,-0.00248506428220296,-0.0915436609222606,107
10,22,0.1413,9.47441217489541,0.0783203282699857,0.0238757186337041,0.142172351776085,11.4191929496415,0.0781256972196316,0.021690047942825,3036,3070,34,0.00617375637710384,0.205266642283019,-0.00248506428220296,-0.0915436609222606,34
10,23,0.1413,9.47441217489541,0.0783203282699857,0.0238757186337041,0.142172351776085,11.4191929496415,0.0781256972196316,0.021690047942825,2986,2966,-20,0.00617375637710384,0.205266642283019,-0.00248506428220296,-0.0915436609222606,20
10,24,0.1413,9.47441217489541,0.0783203282699857,0.0238757186337041,0.142172351776085,11.4191929496415,0.0781256972196316,0.021690047942825,2894,2828,-66,0.00617375637710384,0.205266642283019,-0.00248506428220296,-0.0915436609222606,66
10,25,0.1413,9.47441217489541,0.0783203282699857,0.0238757186337041,0.142172351776085,11.4191929496415,0.0781256972196316,0.021690047942825,2800,2732,-68,0.00617375637710384,0.205266642283019,-0.00248506428220296,-0.0915436609222606,68
10,26,0.1413,9.47441217489541,0.0783203282699857,0.0238757186337041,0.142172351776085,11.4191929496415,0.0781256972196316,0.021690047942825,2679,2626,-53,0.00617375637710384,0.205266642283019,-0.00248506428220296,-0.0915436609222606,53
10,27,0.1413,9.47441217489541,0.0783203282699857,0.0238757186337041,0.142172351776085,11.4191929496415,0.0781256972196316,0.021690047942825,2542,2527,-15,0.00617375637710384,0.205266642283019,-0.00248506428220296,-0.0915436609222606,15
10,28,0.1413,9.47441217489541,0.0783203282699857,0.0238757186337041,0.142172351776085,11.4191929496415,0.0781256972196316,0.021690047942825,2459,2407,-52,0.00617375637710384,0.205266642283019,-0.00248506428220296,-0.0915436609222606,52
10,29,0.1413,9.47441217489541,0.0783203282699857,0.0238757186337041,0.142172351776085,11.4191929496415,0.0781256972196316,0.021690047942825,2340,2296,-44,0.00617375637710384,0.205266642283019,-0.00248506428220296,-0.0915436609222606,44
10,30,0.1413,9.47441217489541,0.0783203282699857,0.0238757186337041,0.142172351776085,11.4191929496415,0.0781256972196316,0.021690047942825,2208,2180,-28,0.00617375637710384,0.205266642283019,-0.00248506428220296,-0.0915436609222606,28
