param_type,sim_id,mean_bias,mean_abs_bias,mean_relative_bias,rmse
abc,1,-0.4,11.933333333333334,-0.12733673844353796,17.21143031050393
lstm,1,-3.9166666666666665,24.716666666666665,0.7174150166221239,34.18649830951785
abc,2,19.216666666666665,21.416666666666668,0.48563731605819477,26.78587936457068
lstm,2,0.35,6.016666666666667,0.04907807739587659,7.712543895066876
abc,3,1.5833333333333333,29.283333333333335,0.2684704874860886,38.09921259028853
lstm,3,-2.933333333333333,12.933333333333334,-0.04014546151028902,18.012958298587897
abc,4,0.8333333333333334,10.766666666666667,0.04176651864063101,18.510357460982036
lstm,4,-2.5833333333333335,8.283333333333333,-0.1645064695822387,13.285957499053904
abc,5,1.05,8.916666666666666,0.061440160275608856,17.637554630201244
lstm,5,-1.3166666666666667,7.75,0.023088676308348217,16.938614661968867
abc,6,8.25,10.316666666666666,0.23878348109497077,12.557202448528626
lstm,6,15.833333333333334,16.9,0.3780837336984326,20.78140194180043
abc,7,1.55,7.816666666666666,0.26492858204027353,15.200328943809078
lstm,7,2.9833333333333334,22.483333333333334,0.7836044329118529,41.26600699526589
abc,8,4.216666666666667,6.216666666666667,0.24569332369687794,8.49803898947673
lstm,8,8.883333333333333,9.683333333333334,0.5508886237707644,11.95756385445352
abc,9,-0.3,20.566666666666666,0.20318574821601412,33.05399622839373
lstm,9,-10.766666666666667,73.93333333333334,4.557173022460305,97.90863087593453
abc,10,3.966666666666667,6.766666666666667,0.16264661622781065,9.08845421400141
lstm,10,9.15,11.25,0.3088577175436663,13.906233614222556
abc,11,0.25,7.383333333333334,-0.012251882353628741,11.799011258010845
lstm,11,1.2,8.433333333333334,0.0429389524653982,16.249102539319928
abc,12,0.85,17.35,0.33754439063277947,31.423186768160015
lstm,12,-0.2833333333333333,55.88333333333333,3.113825064760193,94.00452116786724
abc,13,-0.2,5.533333333333333,0.007757218879077539,11.74734012447073
lstm,13,-3.8666666666666667,24.8,-0.2801256600117502,48.5087620951102
abc,14,1.55,7.55,-0.05357250547377386,13.459197598668355
lstm,14,2.8666666666666667,54.2,2.9765773426803452,83.02931209317988
abc,15,-1.6333333333333333,10.7,0.19719027505762726,14.033293744995625
lstm,15,-8.516666666666667,45.31666666666667,1.0836254792859983,57.6485038834487
abc,16,1,14.533333333333333,0.7786309220285751,26.643948656308435
lstm,16,4.85,50.75,1.7578457495972808,86.0082360397344
abc,17,-3.683333333333333,22.55,0.3331643063433807,27.752177091776662
lstm,17,-16.933333333333334,28.6,0.170012732536171,38.53267012116688
abc,18,0.7333333333333333,14.666666666666666,-0.034063124613397014,20.33715811021786
lstm,18,2.05,14.416666666666666,0.005031453826674007,19.60229578391266
abc,19,0.23333333333333334,6.233333333333333,0.20979771000507882,11.004544515789828
lstm,19,-1.3,44.7,2.8613112238726317,66.27618979191044
abc,20,11.95,32.016666666666666,1.3212962962962962,117.45970940426055
lstm,20,3.5,5.066666666666666,0.4164720464720465,6.276941930590086
abc,21,-0.35,6.216666666666667,-0.06622153332828211,10.51110523842918
lstm,21,-1.1,8.666666666666666,0.031102912659788266,15.95201136743159
abc,22,-0.4,11.166666666666666,0.13822660878493642,18.33121199848317
lstm,22,-3.0166666666666666,13.683333333333334,-0.26044261893671156,20.139099615755747
abc,23,-1.6833333333333333,9.983333333333333,0.1909544805144377,13.430686256976347
lstm,23,9.066666666666666,11.9,0.4468594915824149,15.024424559141469
abc,24,-45.86666666666667,45.96666666666667,-0.5592596772102544,55.389830594914564
lstm,24,-27.016666666666666,28.816666666666666,-0.28893319146099655,36.76705953250364
abc,25,-1.5833333333333333,9.25,-0.0843307486813768,16.158073317488483
lstm,25,1.0666666666666667,31.166666666666668,1.7079988280042584,47.87065907212893
abc,26,3.3833333333333333,38.05,1.9555559644300295,75.91299844778452
lstm,26,6.333333333333333,59.06666666666667,3.9972871817925113,108.52419085162533
abc,27,-5.916666666666667,12.683333333333334,-0.1160264206199577,16.083635575743855
lstm,27,0.45,10.583333333333334,-0.015899101227561628,13.54683234806819
abc,28,-0.6833333333333333,10.283333333333333,0.12089708307752091,14.226149631342043
lstm,28,-2.683333333333333,27.016666666666666,-0.06644386393458711,38.50129867939522
abc,29,0.1,10.5,0.08187703845472681,16.319722219858196
lstm,29,-4.033333333333333,34.03333333333333,-0.12868773590580343,49.99299950993139
abc,30,0.26666666666666666,6.266666666666667,0.0039231654686400054,9.382608024069498
lstm,30,-4.233333333333333,23.066666666666666,-0.199606005395935,37.10300976111417
abc,31,-2.9166666666666665,14.783333333333333,-0.0028941417912161987,19.542688317288047
lstm,31,-1.05,9.416666666666666,-0.007375869846354596,12.839392508993562
abc,32,13.1,20.266666666666666,0.7826697630686241,22.64287967551831
lstm,32,7.75,9.316666666666666,0.3088691875518122,12.21542740417488
abc,33,-5.083333333333333,14.716666666666667,0.05341454741206625,20.061156497071646
lstm,33,-31.133333333333333,42.9,0.024577627566754266,55.85546824916369
abc,34,1.6666666666666667,5.833333333333333,0.11153517634815024,8.981462390204987
lstm,34,-0.11666666666666667,5.783333333333333,0.023321309060673246,8.87599759651462
abc,35,1.2833333333333334,7.616666666666666,0.13818645458025125,16.937630688302697
lstm,35,4.616666666666666,30.75,0.8428601808896811,62.51733093044413
abc,36,-1.8666666666666667,6.366666666666666,-0.01949224091211106,11.108555261599053
lstm,36,-5.316666666666666,68.45,3.702388771691053,106.17854459980761
abc,37,0.9333333333333333,6.433333333333334,0.2033626216298036,14.310835055998654
lstm,37,3.6333333333333333,17.6,0.3149244264992132,38.18332969591137
abc,38,9.866666666666667,12.233333333333333,0.4371398673317021,15.347095273481994
lstm,38,-5.383333333333334,7.483333333333333,-0.10281529750525795,9.660055210332219
abc,39,-0.6333333333333333,4.5,-0.04983992605700423,7.389181280764467
lstm,39,-1.7,13.166666666666666,-0.20571016263105768,21.411834733779042
abc,40,5.216666666666667,9.35,0.06405062018238078,11.6940155635265
lstm,40,6.283333333333333,11.783333333333333,0.06934648728143065,14.563081175813494
abc,41,0.4,11.066666666666666,0.0026443245140921204,19.78046174048186
lstm,41,-5.533333333333333,82.53333333333333,5.136010427103366,116.71689394999052
abc,42,-1.8166666666666667,9.783333333333333,0.06474879605451093,17.926237753639217
lstm,42,-6.066666666666666,27.466666666666665,-0.17834612708400077,48.47370421166511
abc,43,-1.25,24.35,0.5876992702381976,31.44757542323414
lstm,43,-34.7,49.43333333333333,1.035311728186852,71.77859476659226
abc,44,1.05,7.016666666666667,0.25312434158650376,11.527503343453574
lstm,44,-8.716666666666667,53.15,4.578243947513805,70.67472438337957
abc,45,-2.25,12.116666666666667,-0.1034121758624822,23.92035395501775
lstm,45,4.95,47.35,0.8799775224514651,86.49884392291032
abc,46,-1.5,15.266666666666667,-0.2577440245338877,34.760609891082176
lstm,46,1.3333333333333333,25.033333333333335,0.5659539464404528,48.0440769849243
abc,47,0.9333333333333333,19.833333333333332,0.32297086676078557,37.992543128005174
lstm,47,2.85,63.35,3.2065489777696037,108.71146826960499
abc,48,5.766666666666667,6.733333333333333,0.9247664835164835,8.384509526501834
lstm,48,2.6166666666666667,3.85,0.39737105487105484,4.86997604374669
abc,49,-3.05,6.016666666666667,-0.0815082643285942,7.813449942247022
lstm,49,1.05,5.516666666666667,0.035422491025728566,7.032069396699666
abc,50,1.5333333333333334,8.9,0.21994138083040335,17.70969602600037
lstm,50,3.3833333333333333,24.716666666666665,0.8090687577030552,40.62121777265341
abc,51,0.6,14.433333333333334,0.11752276624888197,20.707486568871655
lstm,51,-4.5,17.066666666666666,-0.16757459441313177,24.601490469752708
abc,52,-0.38333333333333336,9.183333333333334,-0.054071818602963555,14.323058332632735
lstm,52,-3.7666666666666666,13.466666666666667,-0.2133765934569423,21.393924371185385
abc,53,2.6666666666666665,11.566666666666666,0.6580044760065141,17.586926962946084
lstm,53,-0.11666666666666667,9.683333333333334,0.22429288063571293,17.153716798408443
abc,54,0.5,11.166666666666666,0.048953190550191636,13.921206844235885
lstm,54,1.15,14.583333333333334,-0.021926399564105983,18.323482201808694
abc,55,-0.5666666666666667,8.3,0.11454642228951892,15.605554566670591
lstm,55,0,59.166666666666664,4.375239305397222,96.36804449608802
abc,56,0.08333333333333333,12.183333333333334,-0.16243956810415977,21.836132136133145
lstm,56,1.7,13.233333333333333,0.2988897571852481,22.2830279211182
abc,57,0.6833333333333333,14.916666666666666,0.04738746533273622,19.43064589765353
lstm,57,-0.11666666666666667,6.85,-0.008770644682065636,9.501754224001656
abc,58,-1.6333333333333333,7.966666666666667,-0.14581206561169047,13.56588859357666
lstm,58,3.4166666666666665,20.65,0.30670625129086054,37.07357549522301
abc,59,-2,10.4,0.06482906221779916,14.744490496453244
lstm,59,-7.916666666666667,31.75,0.3601081562370889,39.53247610088023
abc,60,-1.2666666666666666,12.033333333333333,-0.014276130312612177,16.97056274847714
lstm,60,-3.7,37.1,0.24431894915941804,46.264817446233735
abc,61,-0.26666666666666666,9.866666666666667,0.08782260597753562,15.923776771440457
lstm,61,-0.7,12.033333333333333,-0.03837637747544641,19.4961534667739
abc,62,2.8833333333333333,12.783333333333333,-0.084711761916079,17.552302792891116
lstm,62,-7.483333333333333,37.516666666666666,0.5246444386059296,46.70171303068015
abc,63,0.4666666666666667,7.733333333333333,0.1227524703983376,11.32401577768829
lstm,63,-2.2333333333333334,10.466666666666667,-0.029347292214250004,17.03917055884274
abc,64,1.0333333333333334,7.966666666666667,0.041182023690646406,13.04479461956633
lstm,64,-0.4,6.633333333333334,9.346400816911353e-4,9.370165420097983
abc,65,-0.2,10.2,0.0029042613065512527,14.35618333680648
lstm,65,-0.7666666666666667,10.233333333333333,-0.04425393496825315,15.522027358993197
abc,66,-0.45,6.316666666666666,0.041266535692443464,11.905880899790658
lstm,66,-0.3333333333333333,7.6,-0.13029101564198867,12.858201014657274
abc,67,-0.06666666666666667,8.666666666666666,0.45739618793363696,21.840329667841555
lstm,67,1.2166666666666666,27.783333333333335,0.6659916635761305,62.64516475089412
abc,68,-1.2833333333333334,28.083333333333332,0.2721164249805351,33.59141755468699
lstm,68,-2.683333333333333,15.716666666666667,0.05856787514374792,21.05508647967675
abc,69,1.35,9.883333333333333,0.028948375331382736,13.83052180264119
lstm,69,0.85,17.083333333333332,0.256065559812357,24.33892629787381
abc,70,-2.7333333333333334,12.1,-0.011107749652208116,20.068216994375295
lstm,70,1.3833333333333333,7.216666666666667,-0.017002969014937353,13.566502865514016
abc,71,6.966666666666667,41.333333333333336,0.831268301455027,85.04371424939843
lstm,71,5.883333333333334,23.383333333333333,0.4526846987635919,52.60085550635085
abc,72,-1.55,11.916666666666666,0.17161696325038941,19.4555047908469
lstm,72,-0.3,16.033333333333335,0.8121621069493632,23.011591282076374
abc,73,0.1,10.966666666666667,0.03250310331193804,14.23493355563465
lstm,73,2.433333333333333,7.466666666666667,0.11715008978696115,10.155458302476227
abc,74,-0.03333333333333333,7.8,0.0624925232264704,11.32401577768829
lstm,74,-1,9.533333333333333,-0.08311729300931031,14.961060568466841
abc,75,3.683333333333333,7.55,0.2654416769914124,14.87783586413024
lstm,75,4.883333333333334,29.883333333333333,0.8328001775130954,58.29279543820145
abc,76,0.65,5.116666666666666,0.1339350312557642,8.695784419284246
lstm,76,-1.65,9.016666666666667,-0.0608247861489444,19.276496915501358
abc,77,0.16666666666666666,6.8,0.02645136587011419,16.619265928433784
lstm,77,5.8,43.13333333333333,1.181882090901548,88.63182272750572
abc,78,1.7666666666666666,14.133333333333333,0.2154832825150868,26.461922328760117
lstm,78,4.9,59.86666666666667,2.8394898286895103,104.11676137875207
abc,79,-0.9166666666666666,7.783333333333333,-0.03538646536451742,15.328078809818274
lstm,79,-3.9833333333333334,23.65,-0.20204716796882743,46.39773701378118
abc,80,-4.833333333333333,17.6,0.023847185520921643,22.75814872377218
lstm,80,1.35,17.816666666666666,0.052432718540675015,23.249731181241643
abc,81,-0.75,6.516666666666667,0.07251406531730828,9.613358760946491
lstm,81,-1.4,9.666666666666666,-0.09543731846911006,16.165807537309522
abc,82,4.916666666666667,7.15,0.17826857957416786,9.656603957913983
lstm,82,4.683333333333334,7.55,0.21546534549728313,10.423531071570709
abc,83,-0.03333333333333333,7.7,-0.06374306838536743,20.42221013178218
lstm,83,2.3666666666666667,22.433333333333334,0.24719242896057964,49.26053186882984
abc,84,-0.6166666666666667,13.183333333333334,0.05090823136452942,30.538227409811025
lstm,84,0.16666666666666666,18.9,-0.06359522772083417,42.904156752774746
abc,85,-0.6666666666666666,17.233333333333334,0.11165631907159063,25.408659941051596
lstm,85,-5.2,21.3,0.4346410646726347,33.32916640621744
abc,86,13.616666666666667,18.216666666666665,0.4170870767268265,22.654285834399342
lstm,86,12.333333333333334,15.733333333333333,0.365051985116173,19.967473550752484
abc,87,-1.95,11.383333333333333,-0.039127421788684155,15.91173571089381
lstm,87,-0.95,7.783333333333333,-0.05649538688673592,10.842047777057616
abc,88,2.216666666666667,8.383333333333333,0.1287526797164945,12.706297651164952
lstm,88,-0.7833333333333333,18.383333333333333,0.7850595144694922,23.39408757214808
abc,89,0.38333333333333336,23.15,-0.03254081768658185,34.12892224101625
lstm,89,-10.066666666666666,64.93333333333334,5.500494190089646,84.04760555780278
abc,90,-1.5,10.4,0.07150231538101187,15.1942971758047
lstm,90,-14.6,42.63333333333333,1.8032303899668785,52.57819573422682
abc,91,-1.7166666666666666,7.316666666666666,-0.03260896335283636,9.519278684158094
lstm,91,2.4,8.433333333333334,0.13982022712332387,10.54197957374863
abc,92,-0.5,8.566666666666666,-0.00782858191470521,16.075861822413543
lstm,92,1.7,36.233333333333334,0.6474462435306365,59.58551278065276
abc,93,1.0666666666666667,8.4,0.23304720468184562,16.47422228816887
lstm,93,3.283333333333333,39.516666666666666,0.8893295260255734,69.88645553085853
abc,94,-0.3,5,-0.016287474115901902,10.295630140987
lstm,94,9.15,75.78333333333333,4.1216637667604425,137.61607222026552
abc,95,-0.31666666666666665,8.716666666666667,0.03266184277717089,13.906233614222556
lstm,95,-1.25,18.316666666666666,-0.028652499600736295,32.30144475613024
abc,96,-66.75,79.88333333333334,1.954761487138508,198.5324070943247
lstm,96,5.4,28.666666666666668,0.5643066311716041,69.79493773428939
abc,97,-0.16666666666666666,29.066666666666666,-0.05876568509877469,43.78165521463679
lstm,97,-1.6666666666666667,49.4,1.2112163805129197,66.47405508918499
abc,98,-37.11666666666667,37.11666666666667,-0.8388463792864431,40.93022518058425
lstm,98,-14.516666666666667,14.816666666666666,-0.3030238224726394,17.58076600530629
abc,99,-6.666666666666667,16.7,-0.03612486778477598,21.908141561224827
lstm,99,-39.36666666666667,47.766666666666666,-0.17976711670818538,60.12071190529932
abc,100,-0.65,10.016666666666667,0.19152406952910547,14.421627277576318
lstm,100,1.25,9.85,0.12547415778694063,13.887044321957067
abc,101,15.916666666666666,15.983333333333333,3.6260119047619046,17.675312349903937
lstm,101,-0.16666666666666666,2.466666666666667,0.08197450697450698,3.265986323710904
abc,102,0.35,3.95,0.015320401577859442,6.861729616746301
lstm,102,-1.0166666666666666,9.45,-0.09183325575692301,19.266118792671588
abc,103,2.0833333333333335,13.183333333333334,0.1937149604157168,29.57842682316511
lstm,103,4.183333333333334,28.516666666666666,0.5318982372281154,69.97106544851236
abc,104,-0.1,12.5,0.034484512673182546,15.21840990379744
lstm,104,1.3,24.833333333333332,0.011779473396010959,32.83544832443539
abc,106,-26.566666666666666,30.533333333333335,-0.40968018064926587,37.91042073098108
lstm,106,-18.5,21.733333333333334,-0.2278946248160044,28.94131994225557
abc,107,-0.8166666666666667,18.283333333333335,-0.03146124673761518,24.85256525994852
lstm,107,2.7,12,0.048241058588134246,16.035377555060354
abc,108,-0.6833333333333333,9.183333333333334,-0.12123541359786598,19.491451117519873
lstm,108,-1.25,9.983333333333333,-0.03082452315788043,18.555771788493914
abc,109,-0.26666666666666666,9.966666666666667,-0.11508312706562415,17.658803281460873
lstm,109,-10.283333333333333,44.05,2.4090500079121338,65.87829688144647
abc,110,-2.1,12.733333333333333,0.04884813043618345,24.779023386727733
lstm,110,-5.883333333333334,18.583333333333332,-0.27417935527260134,33.68802952583207
abc,111,-0.06666666666666667,9.666666666666666,0.19014914540509154,20.300246303924492
lstm,111,0.9333333333333333,17.466666666666665,0.28919124378982203,35.60524305960196
abc,112,0.18333333333333332,6.583333333333333,-0.07730685989967297,10.976490027933945
lstm,112,0.35,58.016666666666666,2.799142101845939,87.40146833244088
abc,113,-56.916666666666664,79.35,1.7293493000846696,146.64861631350863
lstm,113,1.55,85.28333333333333,8.55621494252501,130.88741981820357
abc,114,1.4166666666666667,8.016666666666667,0.1533244838121269,13.748333232310987
lstm,114,3.716666666666667,35.18333333333333,0.8958484505283721,55.656236547817954
abc,115,0.7166666666666667,7.15,0.26744459643129653,12.674778104566565
lstm,115,-0.6666666666666666,10.6,-0.20778252747348597,18.81488772222678
abc,116,-1.7166666666666666,4.783333333333333,-0.03177938523780438,11.13478034508689
lstm,116,1.9,14.4,0.21535663552577813,30.753861546153843
abc,117,-30.133333333333333,30.133333333333333,-0.8612390693478592,32.23610811910561
lstm,117,-4.233333333333333,6.8,-0.07705625902755187,8.729261137118078
abc,118,5.833333333333333,8,0.396649088262289,9.981649830230138
lstm,118,18.783333333333335,19.416666666666668,1.0706732821458849,22.143847904101943
abc,119,11.9,19.733333333333334,0.5637358098007453,23.67065694060898
lstm,119,11.4,14.366666666666667,0.3871515692703466,18.777646284878198
abc,120,2.966666666666667,9.4,0.08002160995444954,14.957718186051418
lstm,120,-21.433333333333334,59.93333333333333,2.0853018203254594,80.85274680965803
abc,121,1.15,11.883333333333333,0.11709107266539748,19.361904176328665
lstm,121,-1.3166666666666667,8.083333333333334,0.01753532494598156,14.288106942488918
abc,122,1,18.633333333333333,0.04705148310565526,38.99572626156188
lstm,122,2.0833333333333335,12.083333333333334,0.18763175517747716,25.090834980127703
abc,123,0.3333333333333333,8.033333333333333,0.05167989572509721,13.557285864065861
lstm,123,-0.2,32.766666666666666,2.480961056925637,44.00303019868821
abc,124,-0.5833333333333334,9.183333333333334,0.03547543147867137,13.453004621025494
lstm,124,-2.3833333333333333,8.083333333333334,-0.030455653575553628,11.636866703140784
abc,125,1.2333333333333334,8.966666666666667,0.4709869666750629,19.133739833080202
lstm,125,-3.25,10.85,-0.3474006111345084,24.716054161887033
abc,126,-0.7,11.6,0.04491575828614732,15.672693876080567
lstm,126,-29.083333333333332,41.95,0.028774761831193405,56.28750601450852
abc,127,3.1333333333333333,7.466666666666667,0.16445088895681204,9.72111104761179
lstm,127,16.633333333333333,17.6,0.5238380655945462,22.100527897164206
abc,128,0.7666666666666667,10.433333333333334,0.09794299781984755,16.838448067839664
lstm,128,-2.4166666666666665,29.283333333333335,-0.22909277113919008,47.371404876781945
abc,129,0.8833333333333333,9.016666666666667,-0.013546874055729984,16.93959857847877
lstm,129,-4.183333333333334,22.05,-0.20591225035576244,37.88953241551902
abc,130,0.6,12.5,0.6220441262488953,21.968158775828257
lstm,130,2.283333333333333,35.61666666666667,1.9535768496370856,56.4622292628739
abc,131,-1.3166666666666667,9.516666666666667,0.047107347897292,13.823289526495977
lstm,131,-12.066666666666666,38.03333333333333,0.4517474115629285,47.07122263124254
abc,132,0.7,6.033333333333333,0.09710623872735905,9.141480551128831
lstm,132,-0.2833333333333333,5.883333333333334,-0.007590071246705076,8.273451516749223
abc,133,1.25,13.516666666666667,0.2550970696363965,17.98471573308847
lstm,133,-0.9666666666666667,15.2,0.018149638220297214,21.65101999136915
abc,134,38.71666666666667,39.916666666666664,2.5835173691156617,48.07927481427592
lstm,134,2.216666666666667,4.65,0.15866504208909268,6.669582695591481
abc,135,6.3,6.866666666666666,0.28775882141421705,8.59263250310016
lstm,135,11.416666666666666,12.25,0.4290087114113394,14.548195764423848
abc,136,1.3666666666666667,12.166666666666666,0.5596839316538764,16.945009098059916
lstm,136,0.3333333333333333,15.966666666666667,0.5400072894833585,22.140460699813815
abc,137,-11.366666666666667,20.166666666666668,-0.1319746663420372,24.452675381915437
lstm,137,-4.933333333333334,12.2,0.05207511336899469,15.212933094355385
abc,138,-0.48333333333333334,9.316666666666666,0.17818204388826106,16.04420975513181
lstm,138,2.0166666666666666,13.283333333333333,0.3561171502723709,20.317069998730954
abc,139,-0.5166666666666667,9.15,0.0763060289498706,17.540904575686323
lstm,139,2.8333333333333335,21.666666666666668,0.38885354243031595,37.928441395167646
abc,140,0.4,9.133333333333333,0.08051541678264003,18.64403389827427
lstm,140,4.05,46.25,0.6695123564549021,87.17310365015118
abc,141,0.9166666666666666,7.816666666666666,0.07569789176689383,13.284702982503347
lstm,141,3.6,40.4,1.082171090094903,63.13952803117869
abc,142,8.916666666666666,11.883333333333333,0.18491427613700415,15.939991635296844
lstm,142,-8.233333333333333,9.833333333333334,-0.10698645772614235,12.69514342836136
abc,143,-2.5,10.566666666666666,-0.026776941458156185,13.838352503098047
lstm,143,-15.933333333333334,16.566666666666666,-0.22465206565760765,20.855854493802614
abc,144,4.383333333333334,23.316666666666666,0.5135048558048789,50.32014175920679
lstm,144,8.633333333333333,46.96666666666667,1.1794596322484407,100.10094904645011
abc,145,1.35,5.716666666666667,0.006743299198604874,12.028438524319494
lstm,145,1.7833333333333334,77.75,5.40067432166172,119.11486053385615
abc,146,-2.716666666666667,10.15,0.09091546377613115,13.481468762712764
lstm,146,-7.233333333333333,17.633333333333333,0.2510580482445118,22.6436157301199
abc,147,-6.083333333333333,10.916666666666666,-0.06555742418183148,13.133291032080775
lstm,147,-5.016666666666667,9.983333333333333,-0.07882790447372552,12.386148177164145
abc,148,-0.5833333333333334,6.783333333333333,0.037997456872742995,13.970802887927857
lstm,148,7.266666666666667,68.33333333333333,1.7182826512089449,123.68845270813817
abc,149,1.05,10.316666666666666,0.10946192226030915,13.121864704886015
lstm,149,-1.9,18.966666666666665,-0.06500224424290635,24.640075757459297
abc,150,12.466666666666667,26.366666666666667,0.41317386999489786,32.83291031876401
lstm,150,0.4166666666666667,6.616666666666666,0.07360293386245789,8.768314167120915
abc,151,2.783333333333333,14.583333333333334,0.18053446975013845,21.60671192014185
lstm,151,-17.833333333333332,68.56666666666666,1.9436009218308437,87.95586014208112
abc,152,0.7833333333333333,6.316666666666666,0.1209103830379681,9.335416434203673
lstm,152,-0.5666666666666667,7.633333333333334,0.023146151363383036,11.313708498984761
abc,153,0.35,6.95,-0.07413308135198941,13.983919336151793
lstm,153,-0.5666666666666667,9.333333333333334,-0.10420001345124252,18.782083661475546
abc,154,-2.8333333333333335,13.6,-0.09160565643847009,23.199137915017445
lstm,154,-2.55,12.283333333333333,-0.10279482587659823,21.19237284181898
abc,155,-0.03333333333333333,8.733333333333333,0.17937562548644242,13.08816259067712
lstm,155,-3.5833333333333335,18.183333333333334,-0.09123532892134137,27.79178535706789
abc,156,-5.716666666666667,55.983333333333334,0.07352351754525666,125.58748610696317
lstm,156,-2.283333333333333,9.083333333333334,-0.04874752671012683,10.936940461878114
abc,157,2.05,14.416666666666666,0.27648142725505886,23.404771593274166
lstm,157,-1.5166666666666666,96.55,5.412949448689758,132.72157573908873
abc,158,0.03333333333333333,9.733333333333333,0.046357455061761525,12.258330500792784
lstm,158,-11.15,17.45,-0.0959510956148898,21.782638346475235
abc,159,1.0166666666666666,30.65,1.5437097330807499,41.82841936610403
lstm,159,-19.816666666666666,44.65,2.8255281168739774,64.07170462328385
abc,160,0.1,6.666666666666667,-0.05213777319711843,10.579855071471128
lstm,160,-0.06666666666666667,18.666666666666668,0.20175951471603193,27.37699764400764
abc,161,1.8166666666666667,5.216666666666667,0.20372982808366744,11.436054098041568
lstm,161,3.783333333333333,18.75,1.326200801440114,38.32166489076381
abc,162,3.1,10.466666666666667,0.1366447273731362,16.589153082662175
lstm,162,-1.1833333333333333,27.216666666666665,0.4198032372468918,33.50845664405728
abc,163,-1,8.033333333333333,-0.02438123929689883,10.736231492784919
lstm,163,-1.6333333333333333,9.633333333333333,-0.06627477668595556,12.376052143824648
abc,164,-3.466666666666667,5.366666666666666,-0.20041303575165803,6.454972243679028
lstm,164,15.283333333333333,15.916666666666666,1.245005879841406,18.867520593160442
abc,165,-1.9666666666666666,14.1,0.08207534819770038,23.325951213187427
lstm,165,-8.85,60.21666666666667,2.917157360572514,79.27767655525734
abc,166,-0.5,6.366666666666666,-0.15617439182719767,15.17673658377628
lstm,166,3,24.6,0.9801053046689343,45.18775645385964
abc,167,-0.21666666666666667,4.25,0.08183842829882469,7.198379447255241
lstm,167,-3.2333333333333334,17.766666666666666,-0.27379579916735564,30.01499625187383
abc,168,7.583333333333333,13.716666666666667,0.14699079834302167,17.985642422035788
lstm,168,-16.083333333333332,16.983333333333334,-0.3126188378370899,20.498373919248653
abc,169,2.2,10.866666666666667,0.2300241742214378,19.776248380317234
lstm,169,3.683333333333333,13.383333333333333,0.33024881894668545,24.362197492563485
abc,170,2.466666666666667,7.566666666666666,0.02661836869590536,12.274635093014645
lstm,170,-2.25,22.416666666666668,-0.147964729284439,37.184450155049134
abc,171,0.016666666666666666,4.916666666666667,-0.14289334927493186,9.074690077352503
lstm,171,0.2833333333333333,55.18333333333333,6.502230642754916,85.02009566371157
abc,172,-0.6333333333333333,7.966666666666667,0.033349598535026746,16.123481840677794
lstm,172,1.8833333333333333,16.25,0.47413230569995607,32.23998552522421
abc,173,2.183333333333333,19.65,-0.019106055190800896,36.30954878999921
lstm,173,-4.75,113.05,6.820240490200122,154.57905205212424
abc,174,0.7333333333333333,8.566666666666666,0.09997036202856638,14.19976525627566
lstm,174,-0.8666666666666667,29.833333333333332,0.7224419450241084,44.07758311583489
abc,175,1.7666666666666666,6.1,0.38360105360342467,11.254628677422755
lstm,175,4.583333333333333,40.95,1.5605994601318998,79.77478716152532
abc,176,6.866666666666666,42.266666666666666,2.8560374804744173,85.86073996109437
lstm,176,-2.6,14.533333333333333,-0.2938125323727816,33.74314745248285
abc,177,0.9666666666666667,13.766666666666667,0.10091722193169755,17.621956001912313
lstm,177,0.6666666666666666,15.533333333333333,0.027612982886460625,20.76375046404992
abc,178,0.8666666666666667,7.566666666666666,0.1633009546605342,11.489125293076057
lstm,178,-1.0833333333333333,7.25,0.0015883764634447995,13.229386481113426
abc,179,1.8666666666666667,7.766666666666667,0.04999959857291728,10.398717869686308
lstm,179,-5.95,17.916666666666668,-0.05845470132459238,20.759335249472706
abc,180,-0.85,12.683333333333334,-0.16486601282888863,22.61747112300577
lstm,180,1.7166666666666666,9.316666666666666,0.32822662913367917,17.089470442351338
abc,181,-0.8666666666666667,11,0.05161820888770754,14.805404418657398
lstm,181,-2.066666666666667,41.53333333333333,0.8649621625819419,53.07102159685013
abc,182,-0.1,7.933333333333334,-0.04954472919553197,17.803557696894927
lstm,182,1,8.666666666666666,0.07217697888773665,16.05407528739458
abc,183,-0.85,6.35,-0.08089429467459022,10.777290939749191
lstm,183,-4.016666666666667,42.68333333333333,1.7797958684918123,63.569515755064025
abc,184,0.31666666666666665,7.15,0.04493957950578464,11.289375536317321
lstm,184,-4.2,13.8,-0.21612461237687045,21.91802910847597
abc,185,10.85,11.85,0.5658905303521503,14.483899106709261
lstm,185,18.766666666666666,19,0.956732164156195,22.95575454361426
abc,186,1.0666666666666667,8.433333333333334,0.1023392563384054,15.542415084750074
lstm,186,1.3833333333333333,16.016666666666666,0.22626926356862123,30.789337981407353
abc,187,0.06666666666666667,16.533333333333335,0.19950690113716593,21.51278689523977
lstm,187,1.85,10.216666666666667,0.10972886894495851,13.009611831257688
abc,188,3.25,9.45,0.3250154344555983,14.576808063953278
lstm,188,-2.183333333333333,16.916666666666668,-0.07170437331036203,26.89702585788994
abc,189,-0.9333333333333333,10.766666666666667,-0.1448072855103142,24.105324446409483
lstm,189,-1.4833333333333334,7.25,-0.10466300442380373,14.174507634012077
abc,190,-1.5333333333333334,10,-0.07129337830296224,14.839137441239636
lstm,190,2.4833333333333334,47.016666666666666,0.9981570491082717,66.13685306493902
abc,191,0,10,0.010417030650913952,15.585249436566615
lstm,191,0.16666666666666666,9.166666666666666,0.10367694571487555,13.098345951556887
abc,192,-2.4,12.433333333333334,0.04249707930881267,15.7797338380595
lstm,192,1.3333333333333333,16.933333333333334,-0.009273448955952389,21.447610589527216
abc,193,6.133333333333334,10.766666666666667,0.10679596507893548,13.86602562620835
lstm,193,-2.033333333333333,7.166666666666667,-0.02210760047554992,9.467488227261407
abc,194,3.683333333333333,10.95,0.18443008459149499,21.409888681012177
lstm,194,3.9,20.666666666666668,0.3173436043154124,40.59392401168759
abc,195,-3.2,17.733333333333334,0.07343951984587145,38.03945320322047
lstm,195,-0.1,7.5,-0.00911424976997441,14.24312699749134
abc,196,0.13333333333333333,21.866666666666667,0.4887831255699594,32.45766473423496
lstm,196,-19.783333333333335,67.81666666666666,3.8838253009991677,96.11685596189672
abc,197,1.25,13.716666666666667,-0.011130434729949226,18.842770496930648
lstm,197,-3.1166666666666667,17.783333333333335,0.03726134615540934,23.824007499439162
abc,198,-2.1166666666666667,10.583333333333334,-0.15530601893041812,21.967779435649234
lstm,198,-5.1,28.933333333333334,-0.25080448539262,55.2675311552814
abc,199,0.11666666666666667,8.516666666666667,-0.03900273119794115,12.521315159891685
lstm,199,-0.5333333333333333,11.766666666666667,-0.005037076099897316,15.03551351523009
abc,200,2.6166666666666667,20.35,0.029024039554879554,26.40675418650817
lstm,200,-40.5,50.3,-0.07498673043291143,66.52493266938845
abc,201,-1.0666666666666667,13.166666666666666,-0.084752843455163,21.500387593405534
lstm,201,-1.15,29.716666666666665,1.434263141615004,43.09002204687299
abc,202,-14.1,14.766666666666667,-0.2663683269159319,17.36663467687393
lstm,202,-0.9666666666666667,8.433333333333334,-0.010719809398270707,10.269696522617728
abc,203,0.23333333333333334,9.233333333333333,0.07567594885441878,11.990273836183503
lstm,203,6.85,24.883333333333333,0.18847282724150058,29.933537490023905
abc,204,0.6166666666666667,8.45,0.05303036453152332,14.640696704733692
lstm,204,2.8833333333333333,38.31666666666667,0.7822258527043326,52.63728083149179
abc,205,-3.9166666666666665,8.983333333333333,0.05735286686431935,11.882059305243908
lstm,205,-16.766666666666666,25.366666666666667,0.06738386508296997,33.019186341681205
abc,206,-0.2833333333333333,8.116666666666667,0.10939711809317788,11.070230349906907
lstm,206,-9.716666666666667,31.816666666666666,1.001653441234013,39.84030622372273
abc,207,1.5666666666666667,7.466666666666667,-0.02349375209238222,9.81665251838256
lstm,207,-7.766666666666667,26.8,0.542848572289357,34.90272195689041
abc,208,-0.6833333333333333,8.283333333333333,0.044232082471089555,13.09134574187594
lstm,208,-2.283333333333333,11.416666666666666,-0.04678431474546585,17.099220255126646
abc,209,-0.18333333333333332,6.25,-0.018624894856023814,13.664430711400554
lstm,209,-0.36666666666666664,5.333333333333333,0.004319540058953995,9.70051545022222
abc,210,3.066666666666667,8.1,0.13562883418130242,13.635737359355868
lstm,210,1.4833333333333334,6.816666666666666,0.01635961857492564,13.871433475552072
abc,211,-1.2333333333333334,11.466666666666667,-0.019354049916630485,19.471346469449237
lstm,211,-1.0666666666666667,7.7,-0.08489443883336062,11.14600077755844
abc,212,-2.183333333333333,8.75,-0.07354331912448747,11.447707194019246
lstm,212,-2.533333333333333,9.433333333333334,-0.028824846566516578,13.130118049735882
abc,213,0.7166666666666667,11.216666666666667,-0.03526720854342686,14.529854323656059
lstm,213,-3.6666666666666665,14.066666666666666,0.10533032094106522,17.47665109033574
abc,214,2.566666666666667,9.133333333333333,0.2225489993619434,15.523101064757217
lstm,214,-1.55,17.716666666666665,-0.08446651938215845,31.66149080507739
abc,215,-20.2,20.233333333333334,-0.600539880433453,23.59237164847994
lstm,215,-9.433333333333334,11.833333333333334,-0.16950771683891203,15.872407924865506
abc,216,20.066666666666666,20.133333333333333,1.8394367070837658,24.5010203869145
lstm,216,11.316666666666666,12.116666666666667,1.2006697210741328,13.699756688836972
abc,217,-1.2833333333333334,10.183333333333334,0.14071194960240307,13.592277219068187
lstm,217,-20.25,54.11666666666667,2.6434554822708702,74.12410763937285
abc,218,1.35,9.516666666666667,0.016204012140248476,14.808218438871481
lstm,218,2.9166666666666665,30.616666666666667,0.5176896383217182,44.9927771981237
abc,219,0.08333333333333333,7.316666666666666,0.038329947601584556,9.866610360199697
lstm,219,-10.883333333333333,18.383333333333333,0.03183327701028121,22.706460167391423
abc,220,-29.05,64.45,3.9592581655662453,124.74821308005444
lstm,220,2.9166666666666665,15.283333333333333,0.8424055209599813,34.07760750600507
abc,221,-3.9833333333333334,14.016666666666667,0.21929572818451742,19.72941965694886
lstm,221,-13.916666666666666,51.28333333333333,1.8102456204830553,66.1194625910808
abc,222,2.783333333333333,17.25,0.10922355915982304,30.150456049618885
lstm,222,5.333333333333333,46.46666666666667,1.1806209185884105,73.4797024127525
abc,223,-2.1333333333333333,9.4,0.009101500733919214,12.53927164285603
lstm,223,-29.583333333333332,49.78333333333333,0.8815645450034639,64.62984346775619
abc,224,-1.6,12.033333333333333,0.07802396593458,14.404860290887934
lstm,224,0.8166666666666667,7.983333333333333,0.04527528121883179,10.15135458941318
abc,225,-7.533333333333333,11.133333333333333,-0.06456421843819563,14.631017280649582
lstm,225,-24.033333333333335,26.4,-0.2892407690619054,33.94799945013943
abc,226,1.4833333333333334,23.25,-0.012168233421678928,29.680801875960157
lstm,226,-8.883333333333333,19.25,0.14343193638451296,25.567231632175847
abc,227,-2.45,13.116666666666667,0.026206911520381553,16.23730273167314
lstm,227,0.43333333333333335,11.4,0.05575926328387026,14.782872972914749
abc,228,-10.366666666666667,10.6,-0.3609765726071748,13.337915879176926
lstm,228,17.983333333333334,18.183333333333334,0.7501618976168274,21.523243250030884
abc,229,0.8333333333333334,9.066666666666666,0.23302678855925726,13.3628839202721
lstm,229,-1.8666666666666667,11.866666666666667,-0.17298648972628827,19.55078856039657
abc,230,0.6333333333333333,18,0.09759557637118363,32.75311690002444
lstm,230,0.7666666666666667,16.233333333333334,0.2679434499853161,28.926919411971035
abc,231,-8.2,8.9,-0.36300762334666314,10.16857905510893
lstm,231,1.25,4.35,0.09765090058973841,5.863730325768174
abc,232,-5.05,17.683333333333334,0.11491177575384816,22.471092541307375
lstm,232,-19.15,34.68333333333333,0.13698215278511683,45.94543865644699
abc,233,2.066666666666667,8.3,0.21390854978048315,13.906832852953976
lstm,233,-2.2333333333333334,9.466666666666667,-0.21354430154609913,15.623699945915499
abc,234,0.36666666666666664,11.1,0.08791506034102717,17.233687939614086
lstm,234,-27.616666666666667,39.88333333333333,1.6416530409906813,56.984647055149864
abc,235,11.016666666666667,18.75,0.23335485920530924,24.224299095467483
lstm,235,8.166666666666666,13.2,0.1950615513089747,17.721926155660018
abc,236,-0.7666666666666667,12.733333333333333,0.1426970655379032,17.036235890986404
lstm,236,-1.4,11.133333333333333,0.0834850811968259,14.259499757471625
abc,237,3.2666666666666666,9,0.06642517104405748,11.150485789118488
lstm,237,11.183333333333334,23.15,0.14232720925412656,29.128737242340826
abc,238,-0.4666666666666667,6.766666666666667,-0.0654328011039541,12.729231451008083
lstm,238,0.55,37.483333333333334,1.29299555340253,60.945467427857174
abc,239,-0.21666666666666667,14.783333333333333,-0.007173350941858498,20.318710589011303
lstm,239,-22.116666666666667,66.75,1.9397358898366308,86.04097860903256
abc,240,2.65,12.816666666666666,0.004933551878055986,16.695807857064
lstm,240,-4.55,10.383333333333333,-0.0240936959884971,13.143439428094915
abc,241,7.75,9.35,0.24032441643597666,12.136034497863514
lstm,241,10.833333333333334,13.3,0.2927399152041995,16.98626896447049
abc,242,-2.816666666666667,17.55,-0.22313111145483983,29.82253063261623
lstm,242,-3.033333333333333,8.5,0.013618187248015574,13.063945294843617
abc,243,-42.7,86.06666666666666,4.162056028733399,150.07631392061842
lstm,243,0.85,63.88333333333333,4.531504939139683,110.32973307318386
abc,244,0.4166666666666667,10.75,0.14383953344096892,15.077024463290714
lstm,244,-0.5333333333333333,6.866666666666666,-0.0028084352382164095,9.664367542679656
abc,245,2.75,19.883333333333333,0.491326853392588,39.36517073082075
lstm,245,-0.5833333333333334,7.15,0.26726230174018406,13.933771922921661
abc,246,5.333333333333333,41.93333333333333,2.9726250488420165,79.78847034503168
lstm,246,3.4166666666666665,27.516666666666666,0.8093328009545266,58.058447562205224
abc,247,-3.466666666666667,10.7,-0.01697575220368473,13.438749941865872
lstm,247,-7.716666666666667,14.016666666666667,-0.04716222842864589,18.679311193581704
abc,248,0.55,11.483333333333333,0.13530125631469098,15.591129956912466
lstm,248,0.6833333333333333,11.25,0.11251255902699185,15.670035098875816
abc,249,1.2,10.533333333333333,0.08105021105050017,20.32404159281974
lstm,249,-4.35,23.216666666666665,-0.2677443050047158,39.928477723716604
abc,250,-3.35,10.316666666666666,0.09259518878591096,15.475249055615658
lstm,250,-19.516666666666666,40.11666666666667,0.6658366635498945,56.35704629118409
abc,251,-15.9,19.333333333333332,-0.23674183293783907,25.099800796022265
lstm,251,2.8833333333333333,8.383333333333333,0.07089675279802751,10.65598423422257
abc,252,2.433333333333333,17.8,0.4858503519806212,24.329680091060247
lstm,252,1.8166666666666667,40.15,1.3479309030459368,52.28559393688985
abc,253,-1.05,10.316666666666666,-0.0512059892968963,21.85215473738612
lstm,253,3.683333333333333,45.583333333333336,2.1760393816131836,74.18007369458009
abc,254,23.366666666666667,23.5,1.0327543123610685,27.88846834565618
lstm,254,0.1,4.9,0.08683462268417211,6.085501896584482
abc,255,-0.45,10.483333333333333,0.05870047046313086,21.609797160855845
lstm,255,6.616666666666666,72.88333333333334,2.649479090697786,122.7580954560635
abc,256,-3.85,22.983333333333334,0.07618427628253772,26.467275391824273
lstm,256,-26.516666666666666,43.75,0.00965973007892845,54.91432721370019
abc,257,0.5,6.833333333333333,0.36673002726427795,12.398924684557661
lstm,257,-2.683333333333333,38.45,2.6526301510936547,57.604253315184984
abc,258,3.7,28.4,0.4252579383926325,54.820616559830846
lstm,258,6.5,53.8,1.6431387970114386,103.51392820936385
abc,259,0.65,7.816666666666666,0.06269681910176336,13.878640663503997
lstm,259,1.0166666666666666,56.81666666666667,1.9248097114348077,89.17688414979897
abc,260,5.116666666666666,10.85,0.06192799029942359,15.075918988019714
lstm,260,-2.3833333333333333,13.65,0.047185900126021654,17.67059704707229
abc,261,0.6333333333333333,7.4,0.08791556236617182,14.508618128546908
lstm,261,1.8,18.7,0.3818953794650787,32.24954780044727
abc,262,0.35,8.383333333333333,-0.003373840090621143,10.713698396601117
lstm,262,-0.5333333333333333,10.4,-0.036477346404522375,13.281566172707194
abc,263,1.0833333333333333,19.383333333333333,0.006281403739606137,29.156760222402397
lstm,263,-13.733333333333333,54.63333333333333,1.2175815393455471,73.49875282388584
abc,264,-0.38333333333333336,14.616666666666667,-0.028059521673162717,21.300625968892714
lstm,264,-5.7,34.733333333333334,-0.1581817475218424,44.72806725088845
abc,265,0.43333333333333335,18.3,0.49893066835494704,36.96574991348974
lstm,265,3.3833333333333333,32.95,1.8496218347985132,58.47919858091992
abc,266,-1.3333333333333333,11.133333333333333,-0.10896277261408696,19.08489804356663
lstm,266,0.016666666666666666,7.35,0.18715146893256118,11.104803765338074
abc,267,0.23333333333333334,8.833333333333334,0.20166221330957665,15.547775832360502
lstm,267,-2.183333333333333,10.45,-0.15881753425800596,16.388512236726474
abc,268,15.933333333333334,16.466666666666665,0.4029942008154865,19.51751350283466
lstm,268,15.2,15.8,0.37692162162113085,20.818261214616363
abc,269,-1.5166666666666666,15.95,0.08147728280002853,23.060427865356992
lstm,269,-0.9166666666666666,27.516666666666666,0.8114902311638337,36.27786285509847
abc,270,-0.6333333333333333,29.2,-0.14359056090067132,41.385585252194595
lstm,270,-0.1,15.533333333333333,-0.06318662682203954,22.535157717072522
abc,271,-0.7666666666666667,8.6,-0.07876503171299928,13.986898631695782
lstm,271,4.3,39.56666666666667,1.2215009965084875,60.923175666845644
abc,272,0.38333333333333336,10.483333333333333,0.3823730251312,22.212233866347916
lstm,272,4.466666666666667,18.2,0.9729976403988868,32.06867630570367
abc,273,-2.216666666666667,15.916666666666666,-0.2515965831436238,29.73858324354631
lstm,273,-6.233333333333333,54.233333333333334,3.8036486153858773,82.44028141630764
abc,274,-1.5,9.3,0.03496277340453398,12.668859459319927
lstm,274,-3.533333333333333,22.866666666666667,-0.1421968042548737,34.04115156689033
abc,275,-1.8,8.966666666666667,-0.03598251580755734,13.349157276772193
lstm,275,-2.25,8.383333333333333,-0.03276925221244385,11.780633825619628
abc,276,1.3833333333333333,9.616666666666667,0.2293320522060172,14.73827217372059
lstm,276,-3.65,25.683333333333334,-0.1453118974485079,41.48232555358165
abc,277,10.05,11.683333333333334,0.18713472327336295,14.708840878872815
lstm,277,10.25,14.583333333333334,0.19785595873157036,17.774982419119294
abc,278,0.36666666666666664,13.7,-0.16378734469823292,18.946415668053593
lstm,278,-24.816666666666666,39.483333333333334,0.99401354856419,54.86604900421875
abc,279,0.9833333333333333,16.916666666666668,0.5693817876261091,27.79538330970331
lstm,279,-0.7166666666666667,60.45,4.461242550437438,92.05822432931599
abc,280,1.6833333333333333,5.483333333333333,0.32728798655301433,10.450677808958933
lstm,280,2.9833333333333334,19.15,0.2717127388246316,37.105929445305634
abc,281,0.8833333333333333,12.116666666666667,0.1571285629417189,16.563514119896176
lstm,281,0.3333333333333333,9.033333333333333,0.0037600642117629965,12.794530081249565
abc,282,-1.8333333333333333,15.966666666666667,-0.07201035575253566,21.975744204311564
lstm,282,-1.9833333333333334,19.716666666666665,-0.13721682181862682,27.377910804150122
abc,283,-0.06666666666666667,9.833333333333334,0.06820670283962789,13.922404006971401
lstm,283,-9.65,66.11666666666666,1.3493544925963297,83.19765621698727
abc,284,-1.8833333333333333,8.816666666666666,0.021333080187903853,16.089851874188692
lstm,284,4.416666666666667,53.71666666666667,1.4487439641356514,99.17719832031285
abc,285,-0.6666666666666666,7.7,0.023979416668368725,13.34041478615514
lstm,285,1.0166666666666666,49.81666666666667,3.1884052639013727,68.11326351502082
abc,286,1.8833333333333333,9.616666666666667,0.1747890015595002,14.159213725815897
lstm,286,-1.0166666666666666,10.783333333333333,-0.17440563602254794,16.68382450159435
abc,287,-0.35,14.85,-0.028743764021199925,21.712131785402065
lstm,287,0.23333333333333334,11.3,0.033871798707149126,17.678612313565036
abc,288,7.4,11.466666666666667,0.1426295300320747,14.859340496805368
lstm,288,5.683333333333334,11.516666666666667,0.10975635161508837,15.43318934418072
abc,289,12.4,14.1,0.5817548553494892,17.269433497753578
lstm,289,17.083333333333332,18.016666666666666,0.6342795546172961,21.58278635085532
abc,290,-2.75,8.55,-0.08780445564217929,16.422038038359712
lstm,290,3.15,65.61666666666666,2.6558651034026544,113.63662848453984
abc,291,0.26666666666666666,10.166666666666666,0.013114485664757836,12.843935014888025
lstm,291,0.8833333333333333,10.083333333333334,0.01710967739555592,12.860145152109805
abc,292,0.9166666666666666,6.016666666666667,0.3321234097996494,12.015961606685224
lstm,292,6.516666666666667,36.416666666666664,1.4130576048988797,73.91019325280287
abc,293,2.5166666666666666,27.85,0.82580701659963,43.704881496998325
lstm,293,-0.43333333333333335,6.633333333333334,0.06289188311149796,11.329901441171794
abc,294,-0.3333333333333333,7.5,-0.03504081219799768,12.31665539016173
lstm,294,1.75,30.416666666666668,0.9780435760735827,44.21632428564515
abc,295,-2.0833333333333335,7.25,0.028167882012784917,11.5
lstm,295,-3.566666666666667,14.066666666666666,-0.20511569754342243,20.995237555217138
abc,296,-1,10.433333333333334,-0.04423824286837427,18.45354527816629
lstm,296,1.8333333333333333,15.766666666666667,0.1782826373924893,24.32899504706267
abc,297,-1,16.266666666666666,0.25720150289837906,25.382408606487026
lstm,297,-7.35,81.51666666666667,4.044959881990296,119.69830129677419
abc,298,4.583333333333333,34.916666666666664,0.8561909494417854,65.43559174231304
lstm,298,6.433333333333334,51.46666666666667,1.8033908093992255,91.58638909066492
abc,299,1.1166666666666667,23.016666666666666,0.22758388556571119,45.28778348885418
lstm,299,2.966666666666667,67.36666666666666,3.758211262828726,107.49046469338572
abc,300,0.5833333333333334,6.783333333333333,0.15926441609055877,12.201775827039821
lstm,300,-1.2666666666666666,13.366666666666667,-0.022782912719237883,26.303358467440365
abc,301,15.333333333333334,118.76666666666667,17.289495596896973,216.25016377643124
lstm,301,-4.866666666666666,7.3,-0.1861707411051367,19.29939550003229
abc,302,1.1,19.233333333333334,0.35386632735045587,30.463092423455635
lstm,302,0.9833333333333333,24.383333333333333,0.45380029896252855,36.71807002916502
abc,303,3.9833333333333334,14.216666666666667,0.2952674189465202,24.4468811916776
lstm,303,0.1,9.433333333333334,-0.13469811430467055,17.73884626086676
abc,304,-6,10,-0.07876748371212497,12.091319200153471
lstm,304,12.783333333333333,21.35,0.2157268761807162,28.38808435476641
abc,305,-3.066666666666667,8.8,-0.06314850972635276,20.67849124090053
lstm,305,3.316666666666667,27.383333333333333,1.5954519797943765,50.036153595841746
abc,306,2.2,21,0.3423170308034296,41.048751503547585
lstm,306,6.933333333333334,53.43333333333333,2.9797754098914453,100.75233661475714
abc,307,-2.6333333333333333,25.8,0.4559237314883955,32.64761349113694
lstm,307,-6,26.966666666666665,0.6039770129557552,33.50771055543286
abc,308,3.183333333333333,8.416666666666666,0.5635830064445383,18.444963178783162
lstm,308,2.716666666666667,18.583333333333332,0.6158870392371036,41.70551522280956
abc,309,6.05,8.116666666666667,0.1998854708616229,10.428326807307105
lstm,309,6.783333333333333,8.55,0.20270034330794295,11.02194780124336
abc,310,4.983333333333333,13.95,0.24884664630099088,17.52474441087991
lstm,310,7.933333333333334,18.833333333333332,0.32957594700469867,23.15599274485981
abc,311,1.6333333333333333,3.7,0.08653799742453436,10.70202473055138
lstm,311,-9.266666666666667,45.03333333333333,-0.4226019715268762,111.12590457074654
abc,312,13.75,13.85,1.709692069912658,15.38884877652213
lstm,312,-0.5833333333333334,3.05,0.020683643698349578,3.9008546072196366
abc,313,0.7833333333333333,9.316666666666666,0.06880975381119904,12.30243878261542
lstm,313,2.783333333333333,11.083333333333334,0.11031125095666951,14.314910641239317
abc,314,2.55,14.316666666666666,0.051114939103048394,26.07009781339533
lstm,314,0.016666666666666666,18.35,-0.20296288177231572,32.248772586461854
abc,315,1.7,4.533333333333333,0.04565843979639833,8.04777401935881
lstm,315,1.45,7.383333333333334,-0.03586043172890141,14.896867679705913
abc,316,-1.3166666666666667,12.45,-0.10424302059398555,15.655137601865189
lstm,316,-25.816666666666666,53.05,0.3960465086864147,66.60618089436845
abc,317,0.13333333333333333,5.166666666666667,0.05194266333112711,11.28716084761797
lstm,317,-5.416666666666667,11.183333333333334,-0.2954588468184936,26.83188401883103
abc,318,-0.13333333333333333,13.966666666666667,4.1995622992562154e-5,18.188824407677735
lstm,318,-22.1,25.066666666666666,-0.1364029403356332,34.1169557063151
abc,319,-0.35,10.683333333333334,-0.12546341334875097,20.46012381845884
lstm,319,5.283333333333333,51.61666666666667,2.0571671956098183,84.50414191032296
abc,320,1.4,14.2,0.14602040190498983,30.578314756266952
lstm,320,6.466666666666667,49.86666666666667,1.9687191254323717,91.77526899987818
abc,321,1.0666666666666667,7.2,-0.2177994701341751,14.164509639706322
lstm,321,3.3833333333333333,17.65,0.5570049111105472,34.593111067571435
abc,322,-2.1,19.666666666666668,0.42951296653253834,30.398464873520616
lstm,322,-11.35,59.05,2.949000963637928,80.59766332427593
abc,324,2.5166666666666666,8.083333333333334,-0.0778215615436727,13.844975021044037
lstm,324,3.183333333333333,30.516666666666666,0.2832319138935318,53.66112807858838
abc,325,-1.25,11.25,0.09942210557504799,15.994269807236174
lstm,325,1.9,10.9,0.2594059169262663,14.627599484080314
abc,326,-1.6666666666666667,7.833333333333333,-0.10564609963669352,13.844373104863458
lstm,326,-3.1333333333333333,8.266666666666667,-0.08093716542036332,15.871357849913158
abc,327,0.15,8.95,0.0959250378768632,22.65722842714881
lstm,327,0.6666666666666666,4.5,0.09370399371478771,10.513483406242354
abc,328,-0.4166666666666667,6.35,0.01328880635971064,11.231651704001509
lstm,328,3.95,61.18333333333333,3.5494216131530854,94.49700171610384
abc,329,1.4333333333333333,6.6,-0.12676617033022916,10.310189135025603
lstm,329,0.38333333333333336,47.81666666666667,2.583535225680604,63.19691448164222
abc,330,0.8333333333333334,7.7,0.2573423660717878,13.890044396377332
lstm,330,4.816666666666666,38.416666666666664,1.651390149665437,63.0353075664742
abc,331,5.383333333333334,18.116666666666667,0.027290628097817782,25.04495957273639
lstm,331,-30.383333333333333,47.31666666666667,0.4724674878536198,63.95871063949512
abc,332,1.9666666666666666,5.6,0.04652281713268251,10.505554086608981
lstm,332,4.983333333333333,79.31666666666666,3.388318649567365,134.4564985413498
abc,333,-3.2666666666666666,16.133333333333333,-0.027505156130762803,23.924882444852262
lstm,333,-4.766666666666667,26.866666666666667,-0.13334879622007267,34.998571399415724
abc,334,2.7333333333333334,8.266666666666667,0.14295914184448943,18.065621125958184
lstm,334,-0.05,4.316666666666666,-0.05375162491226017,8.442945773445032
abc,335,-0.48333333333333334,6.483333333333333,-0.09922056251006782,10.207023725520253
lstm,335,-3.316666666666667,10.25,-0.2960665546988051,16.777465044914663
abc,336,3.966666666666667,13.6,0.0663259212207023,17.73978579352073
lstm,336,-0.8,8.833333333333334,0.04142456885163723,12.12435565298214
abc,337,-0.38333333333333336,9.816666666666666,0.17122094165752558,18.640010729610644
lstm,337,-10,78.13333333333334,7.876836720690484,107.41911685853067
abc,338,1.7333333333333334,8.133333333333333,0.09607925640643411,10.641115229774243
lstm,338,8.066666666666666,15.866666666666667,0.2838557431414854,19.62226626394957
abc,339,0.9166666666666666,10.783333333333333,0.04115069376414925,14.236689690139816
lstm,339,-1.6333333333333333,15.966666666666667,0.0847879922497701,21.357278228588335
abc,340,1.45,9.05,0.0854790496381256,11.10180165558726
lstm,340,13.166666666666666,13.966666666666667,0.42379100447846507,16.87404318275064
abc,341,2,15.1,0.2962050198462808,28.721072403376585
lstm,341,2.7333333333333334,16.333333333333332,0.07369737292378592,33.56883475288748
abc,342,21.116666666666667,22.116666666666667,1.7749970421135086,25.0009999800008
lstm,342,-3.2,4.666666666666667,-0.1101572388796359,6.366579406033772
abc,343,0.08333333333333333,16.85,0.5555169010535472,24.21191166898365
lstm,343,-13.8,52.833333333333336,3.239870358854118,73.7165743461627
abc,344,-0.6666666666666666,8,0.05121145251268968,11.474609652039003
lstm,344,-0.06666666666666667,13.033333333333333,0.12060084018445859,18.704723111200195
abc,345,1.0166666666666666,7.383333333333334,0.05896039611377856,9.846319109189992
lstm,345,-0.016666666666666666,6.95,0.01554322575294066,8.709190547921201
abc,346,15.016666666666667,21.316666666666666,0.29241586003107845,27.046564784953127
lstm,346,-9.233333333333333,10.233333333333333,-0.18085581883946886,13.231276078544603
abc,347,-0.3,13.733333333333333,-0.15330832462141175,17.7426040929735
lstm,347,-16.9,22.333333333333332,0.03521097129855167,31.051033262464337
abc,348,0.65,14.383333333333333,0.2738353096428728,27.969924323577757
lstm,348,2.8333333333333335,14.533333333333333,0.4361827360217241,27.653812274862453
abc,349,1.0666666666666667,12.5,-0.11962306478256743,25.656708024738222
lstm,349,2.35,43.75,1.3947999148471757,71.95542601731528
abc,350,-1.6833333333333333,21.283333333333335,0.21716429219231026,27.401034043748545
lstm,350,-4.533333333333333,33.63333333333333,0.42766767564917957,41.75124748635263
abc,351,5.5,6.766666666666667,0.35708084875208645,8.463647755745352
lstm,351,12.7,13.4,0.8324389857538386,16.00937225502612
abc,352,0.8833333333333333,7.783333333333333,0.20144946129402114,12.321390614158236
lstm,352,0.5666666666666667,46.96666666666667,1.434571082769525,71.73097889568588
abc,353,1.2166666666666666,15.516666666666667,0.33393321242222096,27.357205022930735
lstm,353,2.25,9.083333333333334,0.4007104184748542,15.744311141911968
abc,354,0.16666666666666666,5.733333333333333,0.016965077020766405,9.13418487514531
lstm,354,-0.13333333333333333,5.1,-0.06946503272125847,8.475454756727412
abc,355,-0.5333333333333333,6.233333333333333,-0.09962822688360701,11.254628677422755
lstm,355,2.9833333333333334,11.783333333333333,0.2729539379414241,21.96550325700127
abc,356,0.18333333333333332,23.483333333333334,-0.05081223346183899,28.11079270790254
lstm,356,-16.283333333333335,21.083333333333332,-0.06281606179415726,28.93872837565604
abc,357,-0.65,13.083333333333334,-0.11727529470095081,27.79238504818661
lstm,357,-0.7833333333333333,6.55,-0.0706183101419283,11.806071884133745
abc,358,-20.3,20.3,-0.7942365471619748,23.378052385374904
lstm,358,-9.933333333333334,10.666666666666666,-0.30706835955393746,13.647954669717608
abc,359,13.316666666666666,13.916666666666666,0.47306909450477047,17.957820951700498
lstm,359,-5.433333333333334,8.5,-0.156460354148405,10.698909601761605
abc,360,2.9833333333333334,9.216666666666667,0.0671544997644828,14.32538539330327
lstm,360,0.2,11.566666666666666,-0.07157202098461006,18.277490710342782
abc,361,-2.35,10.65,0.001419329231647665,14.257746432495331
lstm,361,2.95,11.516666666666667,0.049036040776115355,14.697505457276302
abc,362,1.9333333333333333,26.433333333333334,0.874182366771604,41.43307857256084
lstm,362,-5.083333333333333,51.68333333333333,3.526052922529493,72.45262820169695
abc,363,1.9666666666666666,7.833333333333333,0.07641657689015531,10.725359356838974
lstm,363,-22.383333333333333,32.65,0.6595415988959163,44.721173210609464
abc,364,-8.733333333333333,11.133333333333333,-0.09507161525535057,14.681053549842169
lstm,364,-24.933333333333334,25.2,-0.29827563022296105,32.8831263720468
abc,365,-2.3666666666666667,8,0.024999877455613644,10.770329614269007
lstm,365,0.65,10.083333333333334,0.15448384008904448,12.978828914813539
abc,366,0.5333333333333333,7.733333333333333,-0.032824573759040535,15.45639026422405
lstm,366,-3.033333333333333,11.666666666666666,-0.2815747980241051,22.03708994702643
abc,367,0.5333333333333333,11.133333333333333,-0.014563250753978836,17.168770097670556
lstm,367,-2.8,24.566666666666666,-0.20149653818575738,37.58634503823607
abc,368,0.9666666666666667,7.333333333333333,0.038816495294318173,14.027354229029317
lstm,368,3.2666666666666666,26.533333333333335,0.8457704471439105,47.601120434992566
abc,369,1.2333333333333334,11.066666666666666,0.3034644989781687,27.024063351021066
lstm,369,4.9,33.53333333333333,1.481883407161827,70.7782923407076
abc,370,1.5166666666666666,9.916666666666666,0.19229715922450152,25.36763029269125
lstm,370,5.9,79.6,4.068908016443715,134.51617003171032
abc,371,-2.2,32.5,-0.3620773139711181,49.08054604423223
lstm,371,-10.866666666666667,47.2,1.9996675860128073,67.71041278858075
abc,372,13.166666666666666,15.933333333333334,0.2709843859033524,21.117133643876322
lstm,372,-0.5,8.966666666666667,0.0252210803015037,11.172883841396246
abc,373,-0.45,14.883333333333333,0.03661772085022388,18.81798784850991
lstm,373,0.4,9.6,0.10998045938084221,13.24764129949177
abc,374,32.18333333333333,32.18333333333333,2.2119358287574737,38.011621030065704
lstm,374,2.283333333333333,4.783333333333333,0.195239083894623,6.489735485107746
abc,375,1.15,9.016666666666667,0.2802890325498703,20.130822139197395
lstm,375,0.05,7.683333333333334,0.164223856925508,16.684823443277228
abc,376,1.1,11.3,0.07164118727145095,14.197417605560057
lstm,376,0.5166666666666667,11.75,0.06526168260674145,15.022760509750974
abc,377,0.8166666666666667,19.583333333333332,-0.06179122977632406,32.134872024017774
lstm,377,-11.066666666666666,65.06666666666666,3.10667872585574,88.86900472043106
abc,378,7.233333333333333,9.733333333333333,0.3138736607789603,11.597413504743201
lstm,378,11.6,12.566666666666666,0.43682697487551025,15.382890928994241
abc,379,0.03333333333333333,10.9,0.055416312005509276,15.080892988591005
lstm,379,-2.8666666666666667,14.366666666666667,0.13909157957040036,20.453198608856596
abc,380,-0.8166666666666667,12.15,-0.14489247592856436,20.397303743387262
lstm,380,-3.0166666666666666,22.116666666666667,-0.18831536983156547,37.948429919211854
abc,381,1.0333333333333334,10.066666666666666,-0.007057149518345828,16.389020715100706
lstm,381,0.08333333333333333,10.45,0.047898645006638575,17.749647883831386
abc,382,5.483333333333333,17.616666666666667,0.01090081365004507,22.44511825171196
lstm,382,-26.45,27.783333333333335,-0.31156529162226676,36.79379476669039
abc,383,7.566666666666666,154.13333333333333,26.9427883657839,230.1676200800915
lstm,383,4.816666666666666,50.11666666666667,0.7575666113945213,112.32148800058992
abc,384,0.8333333333333334,23.066666666666666,0.07555982840813195,28.225284173355398
lstm,384,1.3666666666666667,10.033333333333333,0.053228093657955736,12.922847983320086
abc,385,0.25,5.15,-0.1982681913047196,9.006479149293948
lstm,385,-0.48333333333333334,8.883333333333333,-0.1860087500248907,16.596686416269964
abc,386,15.183333333333334,15.216666666666667,1.1599151296747205,17.18671967925623
lstm,386,7.9,9.733333333333333,0.7249770387801079,12.382783747337808
abc,387,-0.4166666666666667,12.316666666666666,-0.10342989755471432,20.924069075269912
lstm,387,-3.35,30.383333333333333,-0.12158588091689794,47.95848899482413
abc,388,-3.9166666666666665,11.583333333333334,-0.10090348851611218,21.778047050489477
lstm,388,4.05,31.283333333333335,0.9048851935567458,50.644348154557186
abc,389,1.15,14.316666666666666,-3.544638513700187e-4,24.006596315735113
lstm,389,1.2666666666666666,23.233333333333334,0.9728510730607264,34.80086205828815
abc,390,14.633333333333333,23.333333333333332,0.2830020814710226,27.68934813244978
lstm,390,-8.233333333333333,9.766666666666667,-0.18295085930098526,11.993053545004013
abc,391,7.883333333333334,72.48333333333333,6.803831709628504,118.13008366485934
lstm,391,1.6,19.366666666666667,0.3401601505273815,37.579693097913044
abc,392,-3.716666666666667,15.416666666666666,0.10958993927502456,21.327212663637038
lstm,392,-34.28333333333333,50.85,0.0699511347149338,69.49760187709117
abc,393,0.55,4.483333333333333,0.07946082627098368,7.811316577035313
lstm,393,5.816666666666666,44.61666666666667,1.6546669450856433,82.24972137744095
abc,394,0.2,8.366666666666667,0.06417901834734778,16.49646426763424
lstm,394,0.85,13.55,0.16811435951470366,23.82120903732638
abc,395,5.35,10.383333333333333,0.17624491241615423,13.708270009985457
lstm,395,4.333333333333333,10.266666666666667,0.0844865129699965,13.037126472757203
abc,396,3.7,8.833333333333334,0.1827399996725913,10.87351522431147
lstm,396,-5.366666666666666,10.966666666666667,0.028277692447648602,13.159280628767922
abc,397,-1.6833333333333333,16.116666666666667,-0.035840890958798395,25.903989396744795
lstm,397,-2.433333333333333,19.166666666666668,0.012449903846303952,30.15625971502434
abc,398,-52.36666666666667,67.56666666666666,1.6577337416149676,130.64225962528357
lstm,398,3.4833333333333334,61.18333333333333,2.9376611507057375,103.14447795850892
abc,399,1.7,9.066666666666666,-0.02982383936831643,16.786899654194638
lstm,399,0.55,7.883333333333334,-0.07306203545352616,14.269431196325474
abc,400,2.7666666666666666,9.3,0.10313007064483101,12.978186827647896
lstm,400,-1.4166666666666667,23.55,-0.056913399937111885,32.33754268132733
abc,401,0.6,10.266666666666667,-0.03310786035532827,15.59059545580818
lstm,401,-6.666666666666667,26.533333333333335,0.4014846303870571,38.436961378339994
abc,402,6.466666666666667,7.666666666666667,0.4747724614681858,9.09028785756168
lstm,402,9.166666666666666,10.033333333333333,0.6257496135421907,11.832159566199232
abc,403,2.066666666666667,6.433333333333334,0.14823416532419825,8.11377429642539
lstm,403,3.9,7.566666666666666,0.18287454540474585,10.10940156488009
abc,404,-6.9,24.9,0.2414593150646425,30.47840765744387
lstm,404,-22.666666666666668,30.766666666666666,-0.046542259937893335,42.06542523260641
abc,405,0.7833333333333333,14.483333333333333,0.2769851383770006,24.27378558582626
lstm,405,-6.7,70.23333333333333,3.462052056903382,102.28717743034396
abc,406,-1.5166666666666666,8.05,0.025873910873500654,11.172137963105659
lstm,406,-4.416666666666667,58.88333333333333,2.0526528926692893,80.17553658483781
abc,407,0.48333333333333334,7.183333333333334,0.05994329287410826,13.44804818551748
lstm,407,2.7666666666666666,14.966666666666667,0.24249089670668247,25.852788373145877
abc,408,-0.38333333333333336,6.683333333333334,-0.03976716192935928,13.78465330237459
lstm,408,0.38333333333333336,6.05,0.029929776800814486,12.529298996086466
abc,409,0.7166666666666667,7.45,0.021481700242378717,13.170041761513135
lstm,409,0.4666666666666667,9.533333333333333,0.011828824185726708,18.260156990927907
abc,410,-1.2166666666666666,5.383333333333334,0.005044967853174498,9.575141426283652
lstm,410,-1.6166666666666667,55.083333333333336,3.592190426889829,88.74617362643492
abc,411,1,10.666666666666666,0.15022732011434278,16.990193249832878
lstm,411,-2.1166666666666667,43.18333333333333,1.3244983066330829,57.47158718300142
abc,412,-0.4166666666666667,23.516666666666666,1.158548859739527,29.598141833567862
lstm,412,-12.033333333333333,29.9,1.182048583130071,41.45278438577237
abc,413,1.3833333333333333,11.75,0.3106450241068006,18.285239949204932
lstm,413,-0.21666666666666667,5.95,0.1151377320771456,9.955735365439695
abc,414,0.9166666666666666,5.816666666666666,0.37994074008583906,10.233116175763211
lstm,414,-1.5,8.633333333333333,0.018835733059475314,16.446884203398525
abc,415,-1.05,7.716666666666667,0.020537974030130298,9.80221063502174
lstm,415,1.85,6.583333333333333,0.15623324741885009,8.583899657692495
abc,416,0.1,9.633333333333333,0.048703900464292224,13.039683022732314
lstm,416,-0.016666666666666666,13.016666666666667,0.25146743075955286,18.78075255858153
abc,417,-2.4833333333333334,14.116666666666667,-0.10163590994026524,21.00357112493016
lstm,417,-1.65,10.216666666666667,-0.052876861287306336,15.73478100684383
abc,418,0.16666666666666666,8,0.025209535563227296,11.037813793198966
lstm,418,-1.0666666666666667,16.166666666666668,0.2544473316098122,23.018832869341285
abc,419,-1.75,11.583333333333334,0.1431835629109351,17.025960570062804
lstm,419,-5.966666666666667,36.5,1.6199976557035416,45.740208423953064
abc,420,0.36666666666666664,10,-0.05543593868517072,14.578523016181485
lstm,420,0.7833333333333333,10.416666666666666,0.021869646754235323,16.547406644748495
abc,421,23.733333333333334,23.9,0.7398202099327422,29.52456604253482
lstm,421,22.733333333333334,23.333333333333332,0.7292614197115168,27.65682555898272
abc,422,-1.3833333333333333,7.016666666666667,0.17051684374167317,11.049132695978148
lstm,422,-1.8333333333333333,7.6,0.2156175408684208,10.824355254086345
abc,423,-2.316666666666667,18.716666666666665,-0.0023358988734977428,24.74907405675345
lstm,423,-8.166666666666666,30.9,0.05793546582458711,39.52341078398978
abc,424,0.16666666666666666,8.5,0.06715557783350617,13.015375522819156
lstm,424,-3.05,20.683333333333334,-0.1090315406763127,27.54420689243626
abc,425,2.966666666666667,21.066666666666666,0.39875218741997315,37.18019185892761
lstm,425,0.7666666666666667,25.866666666666667,0.35174472360256975,46.775349633469695
abc,426,-0.6333333333333333,6.033333333333333,0.0871161335248229,14.059397805975427
lstm,426,-1.5333333333333334,3.466666666666667,-0.0588490480193502,7.9435508432942
abc,427,0.3333333333333333,8.333333333333334,-0.015373527090806102,16.137946998714966
lstm,427,3.3666666666666667,77.26666666666667,3.6549606938993056,123.27800560792127
abc,428,11.116666666666667,12.95,0.36903854457899576,16.051479682571323
lstm,428,15.55,15.75,0.5256229123251095,19.56399754651385
abc,429,1.5833333333333333,10.783333333333333,0.15421894364548003,14.928161306738348
lstm,429,-0.8,32.666666666666664,0.7342850302468656,41.90823308134095
abc,430,1.6,9.333333333333334,0.06496426424940789,12.227019260637483
lstm,430,-7.383333333333334,15.75,0.008638027237373716,21.08909670896314
abc,431,2.55,7.216666666666667,0.3169036769095352,13.993450849117478
lstm,431,2.533333333333333,64.36666666666666,3.1446671682227456,111.99568444066644
abc,432,2.6166666666666667,11.083333333333334,0.11326788703398155,20.29901475441604
lstm,432,3.65,26.783333333333335,0.9652120388149241,42.62921533408749
abc,433,0.6833333333333333,4.116666666666666,0.08862098233127248,6.905311964953744
lstm,433,-2.216666666666667,4.65,-0.320642120592062,9.220448289897117
abc,434,-0.05,12.916666666666666,-0.06339439618809747,25.687545620397447
lstm,434,-0.65,58.05,1.9184620043328657,85.33707674080867
abc,435,-0.5,7.666666666666667,0.17280634878321263,12.626691305854171
lstm,435,-3.2666666666666666,5.833333333333333,-0.19185335993384664,8.314645713037528
abc,436,0.4666666666666667,25.133333333333333,0.5181434563144626,42.21413665270597
lstm,436,-6.9,80.93333333333334,5.114678804699413,118.22126148314722
abc,437,1.0166666666666666,12.15,0.1015689008499603,16.273188583269928
lstm,437,0.4166666666666667,11.716666666666667,0.030363161274759132,14.76651617681029
abc,438,-18.433333333333334,19,-0.5512718716800824,21.928672250427446
lstm,438,1.7166666666666666,6.683333333333334,0.10932269345240475,8.18637078726994
abc,439,2.8666666666666667,9.9,0.5887235775736406,15.54884776009678
lstm,439,1.4333333333333333,22.666666666666668,1.1043878174141888,31.91603567696548
abc,440,0.5,9.5,0.02598404545932853,12.687263955111309
lstm,440,-11.533333333333333,13.8,-0.12562287457490362,18.978057505094316
abc,441,0.36666666666666664,13.1,0.37630790184082513,24.380319932273242
lstm,441,0.8333333333333334,57.233333333333334,3.1805041396104032,90.2956255861822
abc,442,-0.48333333333333334,17.216666666666665,0.1019812545536341,24.743012481641493
lstm,442,-7.65,56.28333333333333,1.7921001306579027,71.13637138154668
abc,443,-6.033333333333333,28,0.17311789694449775,31.44731043083547
lstm,443,-19.966666666666665,32.7,-0.01042208824282783,42.05274465874176
abc,444,-8.083333333333334,15.283333333333333,0.13564462375400888,21.433229652419005
lstm,444,-19.483333333333334,32.016666666666666,0.48041073250141614,44.13860743914183
abc,445,1.95,9.816666666666666,0.3333366635835846,15.50107523152292
lstm,445,0.7,7.5,0.34466875495231414,12.066482503198685
abc,446,-1.1166666666666667,6.383333333333334,-0.006359134184784701,12.788666857808128
lstm,446,4.133333333333334,6.433333333333334,0.1803528008268273,13.104706533659321
abc,447,-2.4833333333333334,10.95,0.013600912222698476,14.340502083260544
lstm,447,1.3833333333333333,13.95,0.027550179383958893,18.803811670332514
abc,448,-0.11666666666666667,8.65,0.36533747778720044,17.460908720147795
lstm,448,1.5833333333333333,52.95,4.556970568459121,87.76170387285485
abc,449,7.95,10.716666666666667,0.19464278400563717,14.371847480404181
lstm,449,14.983333333333333,17.983333333333334,0.28335217343657354,23.32130642424076
abc,450,1.6333333333333333,19.4,0.014202402103235146,23.33452377915607
lstm,450,-21.483333333333334,27.683333333333334,-0.11693819562692016,36.9023486154111
abc,451,0.25,22.55,-0.13475197877622866,37.075373677595394
lstm,451,-12.216666666666667,93.48333333333333,5.4156180389519895,130.91326645276763
abc,452,-0.38333333333333336,10.416666666666666,0.161692725027953,15.503225470849607
lstm,452,-0.6666666666666666,23.6,0.5764001930964121,32.41038928080521
abc,453,0.13333333333333333,11.966666666666667,0.03910024521954619,16.46713899457543
lstm,453,-0.75,10.083333333333334,0.0043957262714533225,14.291605927956452
abc,454,1.0333333333333334,11.466666666666667,0.3317563343182042,19.004385458800467
lstm,454,-1,10.2,-0.18488273904859456,17.889475490727317
abc,455,-0.15,14.616666666666667,-0.11484014689362718,21.392755783208482
lstm,455,0.45,9.883333333333333,0.2557780247156703,14.696371434246391
abc,456,-1.7333333333333334,14.6,-0.1292811062907287,22.38451845956635
lstm,456,-21.316666666666666,88.55,7.0901458737910374,124.12768963181959
abc,457,-0.55,15.716666666666667,-0.007127232173345858,19.811192122972646
lstm,457,1.6666666666666667,12,-0.002578528727739542,15.317745700113099
abc,458,-9.7,14.466666666666667,-0.14531300546704679,19.188538245525635
lstm,458,-29.816666666666666,29.85,-0.6469653576662524,36.88563405988841
abc,459,0.9,9.833333333333334,0.0034007423949164142,17.475697410976192
lstm,459,-2.1666666666666665,17.166666666666668,-0.28117170991308393,29.34450544820955
abc,460,-2.3333333333333335,7.466666666666667,0.029828181821598656,13.559744343705994
lstm,460,-1.95,80.68333333333334,4.532642179617289,128.07478284190063
abc,461,-52.333333333333336,81.26666666666667,3.486307311028257,169.34678424266974
lstm,461,8.383333333333333,55.18333333333333,1.6852919947229612,110.4514222030059
abc,462,4.516666666666667,18.45,0.5519769113647218,33.949226795318914
lstm,462,1.6333333333333333,11.7,-0.043628443065487056,25.029316144606643
abc,463,29.916666666666668,30.116666666666667,1.163132802893139,33.268854303487316
lstm,463,5.133333333333334,7.633333333333334,0.27910535811924886,10.008329864001619
abc,464,-1.75,14.816666666666666,0.041221203095886304,18.236867421060374
lstm,464,0.03333333333333333,8.733333333333333,0.044071167649999625,11.529671865813587
abc,465,-2.0833333333333335,12.283333333333333,-0.010311139580896703,17.03476836746932
lstm,465,-3.316666666666667,10.383333333333333,0.025421509408228408,15.88238017426859
abc,466,0.3,11.633333333333333,-0.06651772694658821,20.142823370454632
lstm,466,2.466666666666667,11.033333333333333,0.5382148387862509,16.303373883954205
abc,467,-0.4666666666666667,13.166666666666666,0.07969631100987895,18.301183932558388
lstm,467,0.26666666666666666,14.1,0.01895192889606895,20.713924463188203
abc,468,0.4166666666666667,15.016666666666667,0.16227077189746544,21.693701082725987
lstm,468,-2.1166666666666667,39.05,0.7356984068297137,50.93508941126277
abc,469,1.3333333333333333,6.066666666666666,0.17314953208508738,11.699002806507343
lstm,469,-3.9166666666666665,11.783333333333333,-0.20694390495538417,22.38935759090317
abc,470,-16.65,146.05,22.049836968811515,230.76925705128056
lstm,470,7.816666666666666,75.75,1.866879150151291,155.45808652709792
abc,471,19.1,19.733333333333334,0.6318796339444124,24.677249981849005
lstm,471,5.25,9.116666666666667,0.1637623770007414,11.329165900453573
abc,472,-1.8666666666666667,7.8,-0.08075547616187309,13.778001790293589
lstm,472,-4.35,23.216666666666665,-0.3138325005467662,40.256883469372866
abc,473,-6.45,11.016666666666667,-0.05993086931235966,14.827339613025663
lstm,473,-23.433333333333334,37.86666666666667,0.33608356232590325,50.293472074746774
abc,474,1.4666666666666666,21.7,0.26450287702805025,33.72387878047245
lstm,474,2.95,41.21666666666667,1.3009997583923547,60.602942722830434
abc,475,-9.366666666666667,17.466666666666665,-0.009956310935747423,21.849485119791723
lstm,475,-15.616666666666667,25.316666666666666,-0.012665110043959107,32.56608665467805
abc,476,1.8333333333333333,9.733333333333333,0.32928879988695786,21.432063207571346
lstm,476,3.6666666666666665,27.933333333333334,0.4042450566666349,59.52422476045642
abc,477,-0.4666666666666667,19.633333333333333,0.30867637348880456,27.099815497526915
lstm,477,1.2,26.366666666666667,0.6905334514646113,33.59761896325393
abc,478,1.1,9.233333333333333,0.03467656594693899,12.157302332343306
lstm,478,1.3833333333333333,10.883333333333333,0.041783552521012075,16.17765949285207
abc,479,-0.26666666666666666,7.9,-0.19147379083500737,15.183324185873571
lstm,479,1.0666666666666667,18.133333333333333,0.34041399637942504,29.832309107185562
abc,480,0.6833333333333333,5.483333333333333,0.022192172133294538,7.491105837369184
lstm,480,-1.2833333333333334,7.983333333333333,-0.10727667082987298,12.190843558452658
abc,481,0.36666666666666664,10.633333333333333,0.0429492558062676,15.555277775297574
lstm,481,0.23333333333333334,13.766666666666667,0.04221515500580142,19.397594352565132
abc,482,0.2833333333333333,16.216666666666665,-0.010841749924138782,20.20189760063808
lstm,482,-33.4,40.63333333333333,-0.1933619687971246,51.61847214579938
abc,483,3.5,8.633333333333333,0.08500706584975902,15.834561355886475
lstm,483,2.683333333333333,16.95,0.20822449791176967,32.55328964431501
abc,484,-1.1,11.1,0.09465917195365786,14.27818849387648
lstm,484,0.8,11.666666666666666,0.04599339256850384,14.690132742763083
abc,485,-3.4166666666666665,8.183333333333334,-0.05018906854636651,10.944557247021613
lstm,485,-19.6,21.666666666666668,-0.2618884599249489,28.912511709177625
abc,486,-4.283333333333333,9.083333333333334,-0.10711431136258341,11.863810517704673
lstm,486,23.533333333333335,27.566666666666666,0.4381361422413194,34.6068394010972
abc,487,-1.2333333333333334,11.766666666666667,-0.17388037825087535,22.521841250957554
lstm,487,3.683333333333333,38.11666666666667,0.6753652726295201,62.92548503322534
abc,488,0.3333333333333333,11.1,-0.00833498521345729,14.173919711921611
lstm,488,-0.9833333333333333,8.783333333333333,0.018973540142495735,11.406869275426395
abc,489,5.933333333333334,18.366666666666667,0.11533222321639937,25.512741914580644
lstm,489,-29.8,34,-0.25388148145883976,47.60462162437592
abc,490,4.516666666666667,24.516666666666666,0.7009030355393523,53.23203922451215
lstm,490,-3.466666666666667,9.233333333333333,-0.3499998151495661,21.38613257853478
abc,491,-2.1333333333333333,5,-0.04722891473378076,6.223610956135781
lstm,491,-5.933333333333334,7.566666666666666,-0.16971160462164048,8.867543816262389
abc,492,2.85,12.25,0.12348157209801489,27.648688938175713
lstm,492,6.016666666666667,47.05,1.383733391955578,101.64128098366334
abc,493,0.65,9.15,0.061969189855144616,22.48592152140238
lstm,493,3.183333333333333,18.583333333333332,0.7650095079564418,40.145360877690464
abc,494,-1.5333333333333334,15.233333333333333,-0.1964371244308438,24.546554408579084
lstm,494,0.15,12.45,0.17115207462647145,19.22021505256033
abc,495,-9.35,122.88333333333334,9.53786479696676,199.5500354965307
lstm,495,0.06666666666666667,6.566666666666666,-0.018428747477575492,18.033302526159762
abc,496,1.1666666666666667,9.533333333333333,0.20749633252960822,20.132063977645213
lstm,496,4.1,35.6,1.9922459293060655,63.80935145676794
abc,497,0.38333333333333336,14.05,0.25455843892862784,20.37359402101979
lstm,497,-0.8666666666666667,12.233333333333333,-0.0878010268946667,17.72004514666935
abc,498,-0.4166666666666667,14.516666666666667,0.1338746567931606,31.880767452075762
lstm,498,9.316666666666666,48.28333333333333,1.261708673752033,100.19040206859471
abc,499,2.9833333333333334,7.35,0.32284037718693165,11.481143961586174
lstm,499,-1.4833333333333334,21.016666666666666,-0.05091489802070747,36.09085756808779
abc,500,0.8666666666666667,111.53333333333333,27.802385487453666,180.1104290891193
lstm,500,4.333333333333333,26.933333333333334,0.5327535149726728,62.00564490431496
abc,501,-2.05,9.05,0.011694391107077231,13.35227820760687
lstm,501,-1.4333333333333333,20.033333333333335,-0.10197493818721527,28.45054188118977
abc,502,-1.15,11.983333333333333,0.049952956300470495,17.279564037710365
lstm,502,-0.15,14.716666666666667,0.03756148836241872,20.26038828189957
abc,503,-4.133333333333334,11.733333333333333,0.029319760246675704,15.604486534327235
lstm,503,-6.1,11.2,-0.015340358014081918,16.13897972818191
abc,504,-0.06666666666666667,18,-0.01962042437480162,24.57234217570641
lstm,504,-2.1666666666666665,45.5,-0.025945320378468792,62.2176287987041
abc,505,-1.9,5.733333333333333,0.010841740833769122,7.5122122795707345
lstm,505,19.333333333333332,19.633333333333333,0.752993731345348,23.199856321394176
abc,506,1.6333333333333333,8.133333333333333,0.04258223487459278,10.687999500997993
lstm,506,13.35,17.016666666666666,0.2239787402837924,22.847684054771648
abc,507,1.2666666666666666,8.666666666666666,0.35693001998006535,12.581732790041283
lstm,507,-3.3666666666666667,23.633333333333333,-0.07578898998127098,36.00416642556803
abc,508,0.38333333333333336,7.583333333333333,0.06202553217723557,9.417182876706459
lstm,508,-7.85,22.25,-0.02929271775282302,26.72732683977206
abc,509,-0.31666666666666665,5.983333333333333,0.17290675063203692,9.694500159024875
lstm,509,-0.8166666666666667,6.75,-0.10503757421965519,11.242034216872556
abc,510,1.8666666666666667,11.7,0.0824569187385256,15.443445211480501
lstm,510,-1.0833333333333333,23.683333333333334,-0.050497677557128334,28.5128625945087
abc,511,-0.3333333333333333,17.366666666666667,0.21885031317908327,21.923351325318247
lstm,511,-3.0166666666666666,25.783333333333335,0.4238167063967991,31.89278915366293
abc,512,0.35,11.216666666666667,0.2220249656719755,18.572829617481553
lstm,512,-3.5,8.733333333333333,-0.125382621902509,15.656734440276278
abc,513,-0.7166666666666667,13.45,0.04884062695827781,19.808668136281483
lstm,513,-0.16666666666666666,9.166666666666666,0.1778647868852909,13.544986772480314
abc,514,2,24.033333333333335,0.3095807033358422,40.8566600038068
lstm,514,-0.5666666666666667,11.8,-0.07491413268605977,20.690577565645672
abc,515,0.8,12.666666666666666,0.1142940412331225,16.98430648176918
lstm,515,-3.3,28.033333333333335,-0.07939113166334967,36.325381392813114
abc,516,-11.1,11.1,-0.8342124497269032,12.073386710723163
lstm,516,2.75,3.85,0.32398880070849717,4.968232415390139
abc,517,1.5166666666666666,14.116666666666667,-0.06313834488162226,25.769167623343986
lstm,517,3.4833333333333334,18.95,0.3142924644560834,28.549664329608735
abc,518,-4.366666666666666,15.666666666666666,0.050779508717258774,20.97538239619642
lstm,518,-17.983333333333334,39.916666666666664,0.09410693829277374,49.58712870628157
abc,519,1.8,10.166666666666666,0.4777725100467133,20.41894545105925
lstm,519,-0.15,7.383333333333334,-0.043836376357507666,14.596232390586279
abc,520,1.8166666666666667,10.85,0.10065733490305954,17.77592004182437
lstm,520,2.183333333333333,19.583333333333332,0.3806837711653704,27.33099583500999
abc,521,0.85,8.683333333333334,0.017932720802500402,14.836329285462313
lstm,521,-5.066666666666666,37.46666666666667,1.150038006766952,49.31936739253658
abc,522,1.3166666666666667,12.283333333333333,0.18793050552721613,27.310864748911435
lstm,522,2.5833333333333335,16.15,0.36284027753037273,33.59637877311581
abc,523,1.4666666666666666,20.566666666666666,0.21267877997993162,23.373061416938945
lstm,523,-8.733333333333333,10.433333333333334,-0.17320000607283337,12.767145334803704
abc,524,0.08333333333333333,13.516666666666667,0.01156310982371039,21.16167920243256
lstm,524,0.05,21.75,0.01916203641137492,30.181396035748026
abc,525,0.16666666666666666,14.633333333333333,-0.025383103278838096,28.070150219286916
lstm,525,5.166666666666667,104.93333333333334,4.398818291925929,171.9434015405457
abc,526,-1.0833333333333333,8.883333333333333,-0.011437934760578817,12.273956167430288
lstm,526,-1.8666666666666667,8.133333333333333,-0.07480476368317383,10.922453936730518
abc,527,-4.2,9.033333333333333,-0.23992278317119758,19.169420092080685
lstm,527,3.6166666666666667,34.11666666666667,0.4902825036675385,70.78712218099184
abc,528,-0.26666666666666666,12.266666666666667,-0.17130714960185525,21.31509637166422
lstm,528,3.316666666666667,12.85,0.4843273273008449,22.108444842035663
abc,529,-0.8,8.9,0.44827900938063886,14.648094301535155
lstm,529,5.033333333333333,46.13333333333333,1.539925775070761,72.41017423907591
abc,530,3.683333333333333,9.216666666666667,0.0839842057463821,12.445213269901538
lstm,530,-5.9,8.1,-0.16809747754353344,9.862386459000005
abc,531,-5.783333333333333,21.616666666666667,0.1844864534634943,26.263726569802188
lstm,531,-14.45,42.55,0.5481319522853676,51.104305102407956
abc,532,-2.6333333333333333,12.566666666666666,0.12139796368044051,15.58418001264958
lstm,532,-10.466666666666667,15.966666666666667,0.0036852371818003227,22.127659915439168
abc,533,-0.08333333333333333,12.75,-0.0483316271840455,17.43320586314137
lstm,533,-4.25,12.883333333333333,0.020425433552428405,16.83498341747525
abc,534,-0.7333333333333333,8.9,0.3446751330555123,13.69914839202301
lstm,534,-0.7333333333333333,9.266666666666667,0.15729244674541396,13.541294866690802
abc,535,0.7833333333333333,12.85,0.38300207274932724,24.442108474243106
lstm,535,2.8,35.333333333333336,1.3603910634475622,59.35318020123269
abc,536,0.05,10.616666666666667,0.12291630368113032,22.916878786897076
lstm,536,4.216666666666667,58.18333333333333,1.9029651849487148,103.80871832365526
abc,537,-0.4666666666666667,14.733333333333333,-0.15033181368367962,32.84001624035327
lstm,537,6.483333333333333,52.18333333333333,1.8495496584778475,97.34928522250861
abc,538,0.5166666666666667,9.45,-0.026044112641747774,12.892504282204705
lstm,538,-2.283333333333333,13.383333333333333,-0.15458951097153578,19.05037182489273
abc,539,6.883333333333334,13.383333333333333,0.12300190026931031,17.805897899291683
lstm,539,0.016666666666666666,6.75,0.03544504476259468,8.609103708671807
abc,540,1.0333333333333334,21.366666666666667,0.2675723519418638,33.590177135585336
lstm,540,-5.483333333333333,80.41666666666667,3.133688322057292,107.50325576465114
abc,541,-0.31666666666666665,11.283333333333333,-0.06665199878588078,16.564520317031015
lstm,541,0.8166666666666667,26.883333333333333,0.3687798142393297,38.00065788904187
abc,542,0.8666666666666667,14.733333333333333,0.30680028498482464,25.01865970297636
lstm,542,-0.03333333333333333,17.533333333333335,1.5331368924908442,24.88841765426909
abc,543,-0.7666666666666667,10.666666666666666,-0.0831687279977755,19.268281362557136
lstm,543,2.4166666666666665,56.05,1.4254729222514955,84.75484253618393
abc,544,-3.683333333333333,11.85,-0.08288797248043955,18.696256309753565
lstm,544,-20.966666666666665,52.733333333333334,0.951198473389808,72.45044283278513
abc,545,3.65,22.383333333333333,1.1784996639110488,40.03685801858083
lstm,545,6.033333333333333,46.1,1.6347879378496497,81.3219937450298
abc,546,1.1666666666666667,3.933333333333333,0.01341024178413917,7.402702209328699
lstm,546,0.65,3.316666666666667,-0.07958802558687651,5.979130371550699
abc,547,-1.1166666666666667,7.816666666666666,0.13752436197523132,13.34978152130838
lstm,547,-2.466666666666667,7.666666666666667,0.028548553419147187,13.412680567284081
abc,548,0.9333333333333333,11.8,0.04178437610448406,23.14591396625619
lstm,548,-1.4666666666666666,5.9,-0.06410469484616903,11.205653335110213
abc,549,15.4,15.766666666666667,0.6060627703581982,20.102238681301145
lstm,549,17.383333333333333,18.883333333333333,1.0231181026623188,22.050321237266967
abc,550,2.216666666666667,5.883333333333334,0.053044268189262236,9.660055210332219
lstm,550,-1.7666666666666666,9,-0.05562443646434371,16.695308722312785
abc,551,8.333333333333334,96.03333333333333,7.494130242214845,173.10844385336415
lstm,551,8.983333333333333,86.71666666666667,5.3530790695652675,160.08430070851213
abc,552,-13.533333333333333,19.233333333333334,-0.17534303131023868,22.530719769535402
lstm,552,21.116666666666667,29.383333333333333,0.3231117403822557,37.244462675678385
abc,553,-1.3,13.766666666666667,-0.21063323470464818,29.559544425898494
lstm,553,1.8833333333333333,20.316666666666666,0.18784439287227095,41.72189672901589
abc,554,-0.5333333333333333,15.1,-0.009178723559456167,21.456156847549998
lstm,554,-1.1166666666666667,12.35,-0.08962095243572497,19.311050377094112
abc,555,1.55,11.95,0.14457463341444454,17.94389404040643
lstm,555,-2.35,12.116666666666667,-0.03759550474921532,18.78163997099295
abc,556,4.433333333333334,24.633333333333333,0.7743189987440304,52.00320502943384
lstm,556,1.6166666666666667,12.016666666666667,0.10292374054582384,29.141894241795608
abc,557,-59.916666666666664,122.25,8.7995269070584,213.19908536389175
lstm,557,6.566666666666666,95.26666666666667,4.058871412925612,164.54188929671778
abc,558,1.1166666666666667,10.183333333333334,0.3479186691161659,19.75474626513841
lstm,558,2.5833333333333335,43.78333333333333,3.2688578918232287,72.09357345376448
abc,559,2.8333333333333335,12.3,0.1685887050134523,17.396359772473474
lstm,559,0.6333333333333333,31.133333333333333,0.8062735233676561,41.50100400391939
abc,560,-33.516666666666666,69.38333333333334,4.3324948513889705,142.31075152636922
lstm,560,-4.05,11.95,-0.41124201713776043,27.799580332563778
abc,561,0.2,14.6,0.37040173042403374,21.691011963483863
lstm,561,-2.8833333333333333,9.35,-0.07728486657858309,14.579094622095022
abc,562,0.16666666666666666,7.6,0.1600032909871194,11.267948645013727
lstm,562,-7.25,53.016666666666666,3.777573545730313,66.48771816408401
abc,563,2.433333333333333,9.3,-0.07498404061064856,14.743360087397535
lstm,563,4.6,33.833333333333336,1.3150569905167586,53.27882631339896
abc,564,-21.416666666666668,21.783333333333335,-0.4150223711079713,27.59679933132343
lstm,564,-15.916666666666666,18.183333333333334,-0.26592234679211235,23.32845187033779
abc,565,34.63333333333333,36.06666666666667,2.1804807603588117,42.887838213958354
lstm,565,11.133333333333333,11.666666666666666,0.6463074313982466,13.934369977385654
abc,566,3.4,9.066666666666666,0.10129948954588322,11.808189248709276
lstm,566,2.8333333333333335,8.233333333333333,0.06507504000034639,10.771876964268268
abc,567,1.15,8.416666666666666,0.07968368783719539,12.838094354952633
lstm,567,1.8,21.9,0.20820339715195607,35.984255816491
abc,568,-3.35,10.316666666666666,-0.011086742142696698,12.767798035161219
lstm,568,-14.616666666666667,17.95,-0.18237047998317207,21.702918390545236
abc,569,-1.1833333333333333,9.383333333333333,-0.136892178044114,14.72582765076381
lstm,569,-0.35,8.35,-0.004381455795994311,13.163712748815714
abc,570,2.216666666666667,8.816666666666666,0.17850887658355089,13.788280047441257
lstm,570,-1.8333333333333333,17.733333333333334,-0.0904182747738745,31.553658002414448
abc,571,-6.233333333333333,6.333333333333333,-0.5147570539482305,7.268654162452175
lstm,571,6.966666666666667,7.633333333333334,0.7930042302468773,8.677557259966655
abc,572,1.3166666666666667,22.383333333333333,0.2661547449027318,31.100643080167973
lstm,572,0.25,41.416666666666664,0.8938425215081213,56.50206485902381
abc,573,0.18333333333333332,9.216666666666667,0.021644027851057544,14.282273395133329
lstm,573,-5.233333333333333,38.96666666666667,0.4906047341447047,48.31666379211214
abc,574,1.3666666666666667,10.3,0.18952746409025642,14.827901627225165
lstm,574,-1.9166666666666667,14.35,0.07771039092588665,20.843464203437968
abc,575,-0.7166666666666667,7.316666666666666,0.05644114929510139,12.26172907872295
lstm,575,0.7833333333333333,6.35,0.23755539782802554,10.781929326423912
abc,576,0.6166666666666667,10.35,-0.1494580336504739,14.399652773591452
lstm,576,-26.066666666666666,79.5,3.2013549121503604,110.39459527833175
abc,577,1.9,7.1,-0.0190247773700856,14.092551223962253
lstm,577,-0.4,4.433333333333334,-0.1194716435786603,8.312640976248161
abc,578,-2.5833333333333335,7.85,0.08561390627705132,19.34295737471393
lstm,578,0.8666666666666667,8.466666666666667,0.17120272403243952,19.082277991197312
abc,579,1.0833333333333333,7.55,0.26630714834882874,13.327290297230967
lstm,579,0.9,7.7,-0.04069782511636937,12.52863387072456
abc,580,2.2333333333333334,7.5,0.28584958742521765,15.253414918196734
lstm,580,-0.6166666666666667,5.15,-0.11482063253857698,9.436630754670864
abc,581,0.31666666666666665,8.45,0.20316893153854115,11.38346754435279
lstm,581,-1.5166666666666666,6.416666666666667,-0.0849388051149874,8.815705681717526
abc,582,7.366666666666666,8.4,0.414806225276608,11.606032913963324
lstm,582,5.25,7.216666666666667,0.3699161342669675,9.220448289897117
abc,583,6.083333333333333,59.31666666666667,1.4611610486468227,112.70026619311953
lstm,583,9.066666666666666,61.766666666666666,2.603914716840554,111.3808780715972
abc,584,1.5833333333333333,7.883333333333334,0.03829417107878014,12.299728994304441
lstm,584,1.3833333333333333,9.883333333333333,0.22159508237351946,16.067047021777213
abc,585,1,12.033333333333333,0.014954754307229524,18.68332589949302
lstm,585,-0.016666666666666666,18.316666666666666,-0.13467278733183563,27.030538285428204
abc,586,-32.266666666666666,88.73333333333333,9.744090445638978,172.20278743388562
lstm,586,4.433333333333334,35.6,0.8849700763653212,78.04955690670725
abc,587,0.8666666666666667,5.266666666666667,0.0437579163589175,9.509644227484713
lstm,587,0.6,6.433333333333334,0.00842262005696105,11.090536506409418
abc,588,-0.11666666666666667,12.916666666666666,0.07478115343614214,18.46212338816963
lstm,588,-0.1,12.5,0.3179684960049117,19.367498547824912
abc,589,-1.35,6.416666666666667,0.43704293845161135,14.374166642510676
lstm,589,1.4166666666666667,21.45,0.7922758963660067,39.43285432225266
abc,590,1.05,7.783333333333333,-0.016102807087650918,10.338439598572569
lstm,590,0.7333333333333333,8.766666666666667,-0.016465973262186597,11.64903429473877
abc,591,0.016666666666666666,6.416666666666667,0.0997914938904461,11.746630722608646
lstm,591,0.2833333333333333,8.65,0.33392987222593484,16.532291633849997
abc,592,3.3333333333333335,25.366666666666667,0.6138534080460499,39.14247479827168
lstm,592,4.583333333333333,54.28333333333333,1.5460059825563441,80.10337071559474
abc,593,0.85,16.916666666666668,-0.05923236273401537,25.911065847111217
lstm,593,0.3333333333333333,15.1,-0.008387915839314003,23.15815191244759
abc,594,0.2,7.633333333333334,0.06917114068500305,12.109225133481223
lstm,594,1.15,16.883333333333333,0.44414786911217796,24.965643058678328
abc,595,2.066666666666667,8.3,-0.03765753636137588,20.750100401363525
lstm,595,0.8166666666666667,8.116666666666667,0.13297537776096005,20.089383597645135
abc,596,-1.1833333333333333,18.116666666666667,0.09134480820935766,26.138413621845277
lstm,596,-1.2833333333333334,10.75,0.17001629379450037,16.796328963992895
abc,597,1.9833333333333334,8.983333333333333,0.2511016618049711,16.020299622666236
lstm,597,4.733333333333333,24.433333333333334,0.9236769512771263,39.853899850997436
abc,598,2.0166666666666666,11.516666666666667,0.2333011549549626,16.634802874295403
lstm,598,0.7,12.433333333333334,0.3557058402056108,19.033304144752865
abc,599,-1.05,9.383333333333333,-0.011804171335143596,14.541320435228707
lstm,599,-0.36666666666666664,7.8,-0.05591779316240318,12.843935014888025
abc,600,-1.0166666666666666,12.116666666666667,0.03753196063289691,19.070483300989867
lstm,600,-4.15,10.016666666666667,-0.17282292175248773,17.059210610888965
