param_type,sim_id,coverage_95,coverage_90
abc,1,1,1
lstm,1,0.8166666666666667,0.8
abc,2,0.95,0.95
lstm,2,0.85,0.85
abc,3,1,1
lstm,3,1,1
abc,4,0.9166666666666666,0.9166666666666666
lstm,4,0.9,0.9
abc,5,0.9333333333333333,0.9333333333333333
lstm,5,0.95,0.95
abc,6,0.9833333333333333,0.9833333333333333
lstm,6,0.9666666666666667,0.9666666666666667
abc,7,0.9,0.9
lstm,7,0.8833333333333333,0.8833333333333333
abc,8,0.95,0.95
lstm,8,0.9833333333333333,0.9833333333333333
abc,9,0.9333333333333333,0.9333333333333333
lstm,9,0.5166666666666667,0.43333333333333335
abc,10,0.9666666666666667,0.9666666666666667
lstm,10,0.9833333333333333,0.9833333333333333
abc,11,1,1
lstm,11,0.9333333333333333,0.9333333333333333
abc,12,0.95,0.95
lstm,12,0.5666666666666667,0.5666666666666667
abc,13,0.9,0.9
lstm,13,0.9666666666666667,0.95
abc,14,0.8833333333333333,0.8833333333333333
lstm,14,0.6333333333333333,0.6166666666666667
abc,15,0.9833333333333333,0.9833333333333333
lstm,15,0.6833333333333333,0.65
abc,16,0.8333333333333334,0.8333333333333334
lstm,16,0.8,0.7333333333333333
abc,17,0.7666666666666667,0.75
lstm,17,0.55,0.5333333333333333
abc,18,1,1
lstm,18,1,1
abc,19,0.9166666666666666,0.9166666666666666
lstm,19,0.6166666666666667,0.5833333333333334
abc,20,0.38333333333333336,0.38333333333333336
lstm,20,0.9333333333333333,0.9333333333333333
abc,21,0.9333333333333333,0.9333333333333333
lstm,21,0.95,0.95
abc,22,0.9666666666666667,0.9666666666666667
lstm,22,0.9666666666666667,0.9666666666666667
abc,23,0.7333333333333333,0.7333333333333333
lstm,23,0.9666666666666667,0.9666666666666667
abc,24,0.1,0.1
lstm,24,0.2,0.2
abc,25,0.9333333333333333,0.9333333333333333
lstm,25,0.6,0.5666666666666667
abc,26,0.8333333333333334,0.7833333333333333
lstm,26,0.7166666666666667,0.6333333333333333
abc,27,0.75,0.75
lstm,27,0.9833333333333333,0.9833333333333333
abc,28,1,1
lstm,28,0.9833333333333333,0.9833333333333333
abc,29,1,1
lstm,29,1,1
abc,30,0.95,0.95
lstm,30,0.9666666666666667,0.9666666666666667
abc,31,1,1
lstm,31,1,1
abc,32,0.8,0.7833333333333333
lstm,32,0.9666666666666667,0.9666666666666667
abc,33,0.7333333333333333,0.7333333333333333
lstm,33,0.38333333333333336,0.38333333333333336
abc,34,0.9666666666666667,0.9666666666666667
lstm,34,0.9666666666666667,0.9666666666666667
abc,35,0.9333333333333333,0.9333333333333333
lstm,35,0.95,0.95
abc,36,0.95,0.95
lstm,36,0.5833333333333334,0.45
abc,37,0.9333333333333333,0.9333333333333333
lstm,37,0.9666666666666667,0.9666666666666667
abc,38,0.95,0.95
lstm,38,0.5666666666666667,0.5666666666666667
abc,39,0.9333333333333333,0.9333333333333333
lstm,39,0.9333333333333333,0.9333333333333333
abc,40,1,1
lstm,40,0.9833333333333333,0.9666666666666667
abc,41,0.9166666666666666,0.9166666666666666
lstm,41,0.5166666666666667,0.36666666666666664
abc,42,0.9333333333333333,0.9333333333333333
lstm,42,0.8666666666666667,0.85
abc,43,0.8,0.8
lstm,43,0.5166666666666667,0.45
abc,44,0.8833333333333333,0.8833333333333333
lstm,44,0.5,0.36666666666666664
abc,45,0.9166666666666666,0.9166666666666666
lstm,45,0.9,0.9
abc,46,0.9666666666666667,0.9666666666666667
lstm,46,0.9333333333333333,0.9333333333333333
abc,47,0.9,0.9
lstm,47,0.7333333333333333,0.65
abc,48,0.9333333333333333,0.9333333333333333
lstm,48,0.9833333333333333,0.9833333333333333
abc,49,0.65,0.65
lstm,49,0.85,0.85
abc,50,0.85,0.85
lstm,50,0.8833333333333333,0.8833333333333333
abc,51,1,1
lstm,51,1,1
abc,52,1,1
lstm,52,1,1
abc,53,0.9666666666666667,0.9666666666666667
lstm,53,0.9166666666666666,0.9166666666666666
abc,54,0.9166666666666666,0.9166666666666666
lstm,54,1,1
abc,55,0.9166666666666666,0.9166666666666666
lstm,55,0.6166666666666667,0.5
abc,56,0.9666666666666667,0.9666666666666667
lstm,56,0.9,0.9
abc,57,1,1
lstm,57,0.9833333333333333,0.9833333333333333
abc,58,0.9333333333333333,0.9333333333333333
lstm,58,0.85,0.85
abc,59,0.9,0.9
lstm,59,0.65,0.65
abc,60,1,1
lstm,60,0.8166666666666667,0.8
abc,61,0.9666666666666667,0.9666666666666667
lstm,61,0.9666666666666667,0.9666666666666667
abc,62,0.9666666666666667,0.9666666666666667
lstm,62,0.6666666666666666,0.6666666666666666
abc,63,0.9666666666666667,0.9666666666666667
lstm,63,0.9666666666666667,0.9666666666666667
abc,64,0.9833333333333333,0.9833333333333333
lstm,64,1,1
abc,65,1,1
lstm,65,1,1
abc,66,0.9666666666666667,0.9666666666666667
lstm,66,0.9666666666666667,0.9666666666666667
abc,67,0.9333333333333333,0.9333333333333333
lstm,67,0.9833333333333333,0.9833333333333333
abc,68,0.8333333333333334,0.8166666666666667
lstm,68,0.9833333333333333,0.9666666666666667
abc,69,0.9833333333333333,0.9833333333333333
lstm,69,0.9333333333333333,0.9333333333333333
abc,70,0.9666666666666667,0.9666666666666667
lstm,70,0.9666666666666667,0.9666666666666667
abc,71,0.9166666666666666,0.9166666666666666
lstm,71,0.9,0.9
abc,72,0.9333333333333333,0.9333333333333333
lstm,72,0.9,0.8833333333333333
abc,73,0.95,0.95
lstm,73,1,1
abc,74,0.9833333333333333,0.9833333333333333
lstm,74,1,1
abc,75,0.8833333333333333,0.8833333333333333
lstm,75,0.9,0.8833333333333333
abc,76,0.9166666666666666,0.9166666666666666
lstm,76,0.85,0.85
abc,77,0.95,0.95
lstm,77,0.8333333333333334,0.8166666666666667
abc,78,0.8833333333333333,0.8833333333333333
lstm,78,0.7166666666666667,0.6666666666666666
abc,79,0.9333333333333333,0.9333333333333333
lstm,79,0.95,0.95
abc,80,0.9166666666666666,0.9
lstm,80,1,1
abc,81,0.9666666666666667,0.9666666666666667
lstm,81,0.9833333333333333,0.9666666666666667
abc,82,1,1
lstm,82,1,1
abc,83,0.9666666666666667,0.9666666666666667
lstm,83,0.95,0.95
abc,84,0.9333333333333333,0.9333333333333333
lstm,84,0.95,0.95
abc,85,0.9166666666666666,0.9166666666666666
lstm,85,0.8,0.7833333333333333
abc,86,0.95,0.95
lstm,86,0.95,0.95
abc,87,0.9666666666666667,0.9666666666666667
lstm,87,0.9666666666666667,0.9666666666666667
abc,88,0.9666666666666667,0.9666666666666667
lstm,88,0.8833333333333333,0.8666666666666667
abc,89,0.8833333333333333,0.8833333333333333
lstm,89,0.45,0.3333333333333333
abc,90,0.9666666666666667,0.95
lstm,90,0.55,0.5166666666666667
abc,91,0.7666666666666667,0.7333333333333333
lstm,91,0.8666666666666667,0.85
abc,92,0.9,0.9
lstm,92,0.9,0.9
abc,93,0.8666666666666667,0.8666666666666667
lstm,93,0.9166666666666666,0.9
abc,94,0.9166666666666666,0.9166666666666666
lstm,94,0.8,0.7
abc,95,0.9666666666666667,0.9666666666666667
lstm,95,0.9666666666666667,0.9666666666666667
abc,96,0.25,0.18333333333333332
lstm,96,0.9166666666666666,0.9166666666666666
abc,97,0.9333333333333333,0.9166666666666666
lstm,97,0.7666666666666667,0.75
abc,98,0,0
lstm,98,0.18333333333333332,0.18333333333333332
abc,99,0.8333333333333334,0.7833333333333333
lstm,99,0.31666666666666665,0.31666666666666665
abc,100,0.9666666666666667,0.95
lstm,100,0.95,0.95
abc,101,1,0.9333333333333333
lstm,101,0.75,0.75
abc,102,0.95,0.95
lstm,102,0.9666666666666667,0.95
abc,103,0.9333333333333333,0.9333333333333333
lstm,103,0.9333333333333333,0.9333333333333333
abc,104,0.9666666666666667,0.9666666666666667
lstm,104,0.9666666666666667,0.9666666666666667
abc,106,0.23333333333333334,0.23333333333333334
lstm,106,0.38333333333333336,0.38333333333333336
abc,107,1,1
lstm,107,1,1
abc,108,0.95,0.95
lstm,108,0.9166666666666666,0.9166666666666666
abc,109,0.8833333333333333,0.8833333333333333
lstm,109,0.5333333333333333,0.4666666666666667
abc,110,0.9166666666666666,0.9166666666666666
lstm,110,0.95,0.95
abc,111,0.9333333333333333,0.9333333333333333
lstm,111,0.9,0.9
abc,112,0.9333333333333333,0.9333333333333333
lstm,112,0.5666666666666667,0.5
abc,113,0.3,0.23333333333333334
lstm,113,0.36666666666666664,0.23333333333333334
abc,114,0.9166666666666666,0.9166666666666666
lstm,114,0.9,0.8833333333333333
abc,115,0.8666666666666667,0.8666666666666667
lstm,115,0.8666666666666667,0.8666666666666667
abc,116,0.9666666666666667,0.9666666666666667
lstm,116,1,1
abc,117,0,0
lstm,117,0.55,0.55
abc,118,0.9333333333333333,0.9333333333333333
lstm,118,1,0.9833333333333333
abc,119,0.8833333333333333,0.8666666666666667
lstm,119,0.9333333333333333,0.9333333333333333
abc,120,0.9333333333333333,0.9333333333333333
lstm,120,0.6333333333333333,0.5833333333333334
abc,121,0.8833333333333333,0.8833333333333333
lstm,121,0.8833333333333333,0.8833333333333333
abc,122,0.8833333333333333,0.8833333333333333
lstm,122,0.8666666666666667,0.8666666666666667
abc,123,0.95,0.95
lstm,123,0.7,0.6166666666666667
abc,124,0.95,0.95
lstm,124,0.95,0.95
abc,125,0.9666666666666667,0.95
lstm,125,0.95,0.95
abc,126,0.95,0.95
lstm,126,0.4666666666666667,0.43333333333333335
abc,127,0.9666666666666667,0.9666666666666667
lstm,127,0.9833333333333333,0.9833333333333333
abc,128,0.95,0.95
lstm,128,0.9666666666666667,0.9666666666666667
abc,129,0.95,0.95
lstm,129,0.9333333333333333,0.9333333333333333
abc,130,0.85,0.8333333333333334
lstm,130,0.7166666666666667,0.7
abc,131,0.9666666666666667,0.9666666666666667
lstm,131,0.6833333333333333,0.65
abc,132,1,1
lstm,132,1,1
abc,133,1,0.9833333333333333
lstm,133,1,1
abc,134,1,0.9833333333333333
lstm,134,0.9,0.9
abc,135,0.9833333333333333,0.9833333333333333
lstm,135,1,1
abc,136,0.9333333333333333,0.9333333333333333
lstm,136,0.9833333333333333,0.9833333333333333
abc,137,0.7,0.65
lstm,137,0.9666666666666667,0.9333333333333333
abc,138,0.95,0.95
lstm,138,0.9333333333333333,0.9333333333333333
abc,139,0.9833333333333333,0.9833333333333333
lstm,139,0.9833333333333333,0.9833333333333333
abc,140,0.9666666666666667,0.9666666666666667
lstm,140,0.9166666666666666,0.9166666666666666
abc,141,0.8666666666666667,0.8666666666666667
lstm,141,0.7666666666666667,0.75
abc,142,0.9666666666666667,0.9666666666666667
lstm,142,0.4666666666666667,0.45
abc,143,0.8666666666666667,0.85
lstm,143,0.35,0.35
abc,144,0.8666666666666667,0.8666666666666667
lstm,144,0.8,0.8
abc,145,0.9666666666666667,0.9666666666666667
lstm,145,0.43333333333333335,0.36666666666666664
abc,146,0.9666666666666667,0.9666666666666667
lstm,146,0.75,0.75
abc,147,0.5,0.5
lstm,147,0.6333333333333333,0.6166666666666667
abc,148,0.9333333333333333,0.9333333333333333
lstm,148,0.8333333333333334,0.8
abc,149,1,1
lstm,149,0.9666666666666667,0.9666666666666667
abc,150,0.9,0.8833333333333333
lstm,150,0.9666666666666667,0.9666666666666667
abc,151,0.9666666666666667,0.9666666666666667
lstm,151,0.6166666666666667,0.5666666666666667
abc,152,1,1
lstm,152,1,1
abc,153,0.9333333333333333,0.9333333333333333
lstm,153,0.9666666666666667,0.9666666666666667
abc,154,0.9333333333333333,0.9333333333333333
lstm,154,0.9166666666666666,0.9166666666666666
abc,155,1,1
lstm,155,1,1
abc,156,0.2,0.2
lstm,156,0.6333333333333333,0.6166666666666667
abc,157,0.9166666666666666,0.9
lstm,157,0.5,0.38333333333333336
abc,158,0.8833333333333333,0.8666666666666667
lstm,158,0.5166666666666667,0.5
abc,159,0.7333333333333333,0.7166666666666667
lstm,159,0.5166666666666667,0.4166666666666667
abc,160,0.95,0.95
lstm,160,0.95,0.95
abc,161,0.95,0.95
lstm,161,0.9333333333333333,0.9166666666666666
abc,162,0.9,0.9
lstm,162,0.7666666666666667,0.7666666666666667
abc,163,1,1
lstm,163,1,1
abc,164,0.5,0.5
lstm,164,0.9666666666666667,0.9666666666666667
abc,165,0.9,0.9
lstm,165,0.5833333333333334,0.5
abc,166,0.95,0.95
lstm,166,0.8333333333333334,0.8333333333333334
abc,167,0.9666666666666667,0.9666666666666667
lstm,167,0.9833333333333333,0.9833333333333333
abc,168,0.8666666666666667,0.8666666666666667
lstm,168,0.21666666666666667,0.21666666666666667
abc,169,0.95,0.95
lstm,169,0.8833333333333333,0.8833333333333333
abc,170,0.9833333333333333,0.9833333333333333
lstm,170,0.9833333333333333,0.9833333333333333
abc,171,0.9,0.9
lstm,171,0.4666666666666667,0.38333333333333336
abc,172,0.9333333333333333,0.9333333333333333
lstm,172,0.9166666666666666,0.9166666666666666
abc,173,0.95,0.95
lstm,173,0.36666666666666664,0.2
abc,174,0.9,0.9
lstm,174,0.9,0.8833333333333333
abc,175,0.8833333333333333,0.8833333333333333
lstm,175,0.8,0.7833333333333333
abc,176,0.8,0.7666666666666667
lstm,176,0.9333333333333333,0.9333333333333333
abc,177,0.9333333333333333,0.9333333333333333
lstm,177,0.95,0.95
abc,178,0.9833333333333333,0.9833333333333333
lstm,178,1,1
abc,179,0.9333333333333333,0.9333333333333333
lstm,179,0.5,0.48333333333333334
abc,180,0.95,0.95
lstm,180,0.95,0.95
abc,181,1,1
lstm,181,0.8,0.7833333333333333
abc,182,0.9666666666666667,0.9666666666666667
lstm,182,0.9,0.9
abc,183,0.95,0.95
lstm,183,0.6333333333333333,0.6333333333333333
abc,184,0.9833333333333333,0.9833333333333333
lstm,184,1,1
abc,185,0.9833333333333333,0.9666666666666667
lstm,185,0.9833333333333333,0.9833333333333333
abc,186,0.9166666666666666,0.9166666666666666
lstm,186,0.8833333333333333,0.8833333333333333
abc,187,0.9666666666666667,0.95
lstm,187,0.9666666666666667,0.9666666666666667
abc,188,0.9833333333333333,0.9833333333333333
lstm,188,0.9833333333333333,0.9833333333333333
abc,189,0.9,0.9
lstm,189,0.9166666666666666,0.9166666666666666
abc,190,1,0.9833333333333333
lstm,190,0.9333333333333333,0.9166666666666666
abc,191,1,1
lstm,191,1,0.9833333333333333
abc,192,0.9666666666666667,0.95
lstm,192,0.9833333333333333,0.9833333333333333
abc,193,0.9833333333333333,0.9833333333333333
lstm,193,0.8833333333333333,0.8833333333333333
abc,194,0.9,0.9
lstm,194,0.9166666666666666,0.9166666666666666
abc,195,0.8666666666666667,0.8666666666666667
lstm,195,0.8666666666666667,0.8666666666666667
abc,196,0.8833333333333333,0.8833333333333333
lstm,196,0.55,0.43333333333333335
abc,197,1,1
lstm,197,0.9666666666666667,0.9666666666666667
abc,198,0.9166666666666666,0.9
lstm,198,0.9666666666666667,0.9666666666666667
abc,199,1,1
lstm,199,1,1
abc,200,0.85,0.85
lstm,200,0.31666666666666665,0.31666666666666665
abc,201,0.85,0.85
lstm,201,0.8333333333333334,0.8
abc,202,0.26666666666666666,0.25
lstm,202,0.7666666666666667,0.75
abc,203,0.9666666666666667,0.9666666666666667
lstm,203,0.9833333333333333,0.9666666666666667
abc,204,1,1
lstm,204,1,0.9833333333333333
abc,205,0.7666666666666667,0.75
lstm,205,0.4666666666666667,0.4666666666666667
abc,206,1,1
lstm,206,0.6,0.5833333333333334
abc,207,0.9833333333333333,0.9833333333333333
lstm,207,0.7166666666666667,0.6833333333333333
abc,208,0.9666666666666667,0.9666666666666667
lstm,208,0.95,0.95
abc,209,0.95,0.95
lstm,209,0.9333333333333333,0.9333333333333333
abc,210,0.95,0.95
lstm,210,0.9,0.9
abc,211,1,1
lstm,211,1,1
abc,212,0.9833333333333333,0.9833333333333333
lstm,212,0.9833333333333333,0.9833333333333333
abc,213,0.9833333333333333,0.9833333333333333
lstm,213,0.75,0.75
abc,214,0.9,0.9
lstm,214,0.9333333333333333,0.9333333333333333
abc,215,0.1,0.1
lstm,215,0.5166666666666667,0.5166666666666667
abc,216,1,0.9833333333333333
lstm,216,1,1
abc,217,0.9666666666666667,0.9666666666666667
lstm,217,0.6,0.5
abc,218,0.9666666666666667,0.9666666666666667
lstm,218,0.9833333333333333,0.9666666666666667
abc,219,0.9,0.9
lstm,219,0.48333333333333334,0.48333333333333334
abc,220,0.13333333333333333,0.1
lstm,220,0.85,0.85
abc,221,0.95,0.95
lstm,221,0.6166666666666667,0.5666666666666667
abc,222,0.95,0.95
lstm,222,0.8833333333333333,0.8833333333333333
abc,223,0.9666666666666667,0.9666666666666667
lstm,223,0.43333333333333335,0.4166666666666667
abc,224,0.9833333333333333,0.9833333333333333
lstm,224,1,1
abc,225,0.6833333333333333,0.6666666666666666
lstm,225,0.2833333333333333,0.2833333333333333
abc,226,0.95,0.95
lstm,226,0.7333333333333333,0.7166666666666667
abc,227,0.95,0.95
lstm,227,0.9666666666666667,0.9666666666666667
abc,228,0.31666666666666665,0.31666666666666665
lstm,228,1,1
abc,229,0.9666666666666667,0.9666666666666667
lstm,229,0.9666666666666667,0.9666666666666667
abc,230,0.9166666666666666,0.9166666666666666
lstm,230,0.85,0.85
abc,231,0.18333333333333332,0.18333333333333332
lstm,231,0.85,0.85
abc,232,0.85,0.85
lstm,232,0.5833333333333334,0.5833333333333334
abc,233,0.9333333333333333,0.9333333333333333
lstm,233,0.9166666666666666,0.9166666666666666
abc,234,0.9333333333333333,0.9333333333333333
lstm,234,0.4666666666666667,0.4166666666666667
abc,235,0.9833333333333333,0.9833333333333333
lstm,235,0.9833333333333333,0.9833333333333333
abc,236,1,1
lstm,236,0.9833333333333333,0.9833333333333333
abc,237,0.95,0.95
lstm,237,0.9833333333333333,0.9833333333333333
abc,238,0.9666666666666667,0.9666666666666667
lstm,238,0.8666666666666667,0.8333333333333334
abc,239,0.9666666666666667,0.9666666666666667
lstm,239,0.6,0.55
abc,240,0.9333333333333333,0.9333333333333333
lstm,240,0.8166666666666667,0.8
abc,241,1,1
lstm,241,0.9333333333333333,0.9333333333333333
abc,242,0.95,0.95
lstm,242,0.95,0.95
abc,243,0.16666666666666666,0.15
lstm,243,0.5833333333333334,0.5166666666666667
abc,244,1,1
lstm,244,0.9833333333333333,0.9833333333333333
abc,245,0.95,0.95
lstm,245,0.9,0.9
abc,246,0.85,0.8166666666666667
lstm,246,0.9,0.9
abc,247,0.8333333333333334,0.8166666666666667
lstm,247,0.6833333333333333,0.6833333333333333
abc,248,1,1
lstm,248,0.9833333333333333,0.9833333333333333
abc,249,0.8666666666666667,0.8666666666666667
lstm,249,0.9333333333333333,0.9333333333333333
abc,250,0.95,0.95
lstm,250,0.6166666666666667,0.6
abc,251,0.43333333333333335,0.43333333333333335
lstm,251,1,1
abc,252,0.9666666666666667,0.9666666666666667
lstm,252,0.8166666666666667,0.75
abc,253,0.9333333333333333,0.9333333333333333
lstm,253,0.65,0.6166666666666667
abc,254,1,1
lstm,254,0.8833333333333333,0.8833333333333333
abc,255,0.8333333333333334,0.8333333333333334
lstm,255,0.55,0.5166666666666667
abc,256,0.7333333333333333,0.7333333333333333
lstm,256,0.4166666666666667,0.4166666666666667
abc,257,0.8333333333333334,0.8333333333333334
lstm,257,0.5333333333333333,0.4666666666666667
abc,258,0.9333333333333333,0.9333333333333333
lstm,258,0.8333333333333334,0.8166666666666667
abc,259,0.9333333333333333,0.9333333333333333
lstm,259,0.7166666666666667,0.7
abc,260,1,1
lstm,260,0.9,0.9
abc,261,0.95,0.95
lstm,261,0.9,0.9
abc,262,1,1
lstm,262,1,1
abc,263,0.9333333333333333,0.9333333333333333
lstm,263,0.65,0.65
abc,264,1,1
lstm,264,1,1
abc,265,0.9,0.9
lstm,265,0.7833333333333333,0.7666666666666667
abc,266,1,1
lstm,266,0.9833333333333333,0.9833333333333333
abc,267,0.9333333333333333,0.9333333333333333
lstm,267,0.9666666666666667,0.9666666666666667
abc,268,0.9833333333333333,0.9833333333333333
lstm,268,0.9833333333333333,0.9833333333333333
abc,269,0.9333333333333333,0.9333333333333333
lstm,269,0.8,0.7666666666666667
abc,270,0.9333333333333333,0.9333333333333333
lstm,270,0.9166666666666666,0.9
abc,271,0.9166666666666666,0.9166666666666666
lstm,271,0.9166666666666666,0.9166666666666666
abc,272,0.9333333333333333,0.9166666666666666
lstm,272,0.9,0.9
abc,273,0.95,0.95
lstm,273,0.43333333333333335,0.36666666666666664
abc,274,1,1
lstm,274,1,1
abc,275,1,1
lstm,275,1,1
abc,276,0.9666666666666667,0.9666666666666667
lstm,276,0.9833333333333333,0.9833333333333333
abc,277,1,1
lstm,277,0.95,0.95
abc,278,0.8333333333333334,0.8333333333333334
lstm,278,0.5166666666666667,0.4666666666666667
abc,279,0.9166666666666666,0.9166666666666666
lstm,279,0.48333333333333334,0.36666666666666664
abc,280,0.9333333333333333,0.9333333333333333
lstm,280,0.9666666666666667,0.9666666666666667
abc,281,0.95,0.95
lstm,281,1,1
abc,282,1,1
lstm,282,1,1
abc,283,1,0.9833333333333333
lstm,283,0.6666666666666666,0.65
abc,284,0.95,0.95
lstm,284,0.95,0.9166666666666666
abc,285,0.95,0.95
lstm,285,0.65,0.55
abc,286,0.95,0.95
lstm,286,0.9333333333333333,0.9333333333333333
abc,287,0.9666666666666667,0.95
lstm,287,0.9833333333333333,0.9833333333333333
abc,288,0.9,0.9
lstm,288,0.9333333333333333,0.9166666666666666
abc,289,0.9833333333333333,0.9833333333333333
lstm,289,1,1
abc,290,0.9833333333333333,0.9833333333333333
lstm,290,0.7166666666666667,0.6833333333333333
abc,291,1,1
lstm,291,1,1
abc,292,0.9666666666666667,0.9666666666666667
lstm,292,0.9166666666666666,0.9
abc,293,0.9333333333333333,0.9333333333333333
lstm,293,0.95,0.95
abc,294,0.9166666666666666,0.9166666666666666
lstm,294,0.8833333333333333,0.8833333333333333
abc,295,1,1
lstm,295,0.9666666666666667,0.9666666666666667
abc,296,0.9666666666666667,0.9666666666666667
lstm,296,0.9,0.9
abc,297,0.8,0.8
lstm,297,0.5166666666666667,0.4166666666666667
abc,298,0.8833333333333333,0.8833333333333333
lstm,298,0.8,0.8
abc,299,0.85,0.85
lstm,299,0.5,0.4166666666666667
abc,300,0.85,0.85
lstm,300,0.9,0.9
abc,301,0.45,0.38333333333333336
lstm,301,0.9833333333333333,0.9833333333333333
abc,302,0.9666666666666667,0.9666666666666667
lstm,302,0.9666666666666667,0.95
abc,303,0.9,0.9
lstm,303,0.9333333333333333,0.9333333333333333
abc,304,0.9333333333333333,0.9333333333333333
lstm,304,1,1
abc,305,0.9,0.9
lstm,305,0.9,0.85
abc,306,0.9166666666666666,0.9166666666666666
lstm,306,0.7333333333333333,0.7166666666666667
abc,307,0.7333333333333333,0.7333333333333333
lstm,307,0.6666666666666666,0.6666666666666666
abc,308,0.9166666666666666,0.9166666666666666
lstm,308,0.9,0.9
abc,309,1,1
lstm,309,0.9833333333333333,0.9833333333333333
abc,310,0.9666666666666667,0.9666666666666667
lstm,310,0.95,0.95
abc,311,0.95,0.95
lstm,311,0.9833333333333333,0.9833333333333333
abc,312,1,1
lstm,312,0.7833333333333333,0.7666666666666667
abc,313,0.9333333333333333,0.9333333333333333
lstm,313,0.95,0.9333333333333333
abc,314,0.9166666666666666,0.9166666666666666
lstm,314,0.9333333333333333,0.9333333333333333
abc,315,0.9333333333333333,0.9333333333333333
lstm,315,0.8833333333333333,0.8833333333333333
abc,316,0.9166666666666666,0.9166666666666666
lstm,316,0.5,0.48333333333333334
abc,317,0.95,0.95
lstm,317,0.9666666666666667,0.9666666666666667
abc,318,0.8166666666666667,0.8
lstm,318,0.38333333333333336,0.38333333333333336
abc,319,0.9333333333333333,0.9333333333333333
lstm,319,0.7,0.6833333333333333
abc,320,0.95,0.95
lstm,320,0.8166666666666667,0.8
abc,321,0.9333333333333333,0.9333333333333333
lstm,321,0.9333333333333333,0.9333333333333333
abc,322,0.9666666666666667,0.9666666666666667
lstm,322,0.6833333333333333,0.6
abc,324,0.9833333333333333,0.9833333333333333
lstm,324,0.9166666666666666,0.9166666666666666
abc,325,0.9833333333333333,0.9833333333333333
lstm,325,0.9833333333333333,0.9833333333333333
abc,326,0.8833333333333333,0.8833333333333333
lstm,326,0.95,0.95
abc,327,0.9666666666666667,0.9666666666666667
lstm,327,0.9833333333333333,0.9833333333333333
abc,328,0.9333333333333333,0.9333333333333333
lstm,328,0.5833333333333334,0.5166666666666667
abc,329,0.9333333333333333,0.9333333333333333
lstm,329,0.7,0.6333333333333333
abc,330,0.8666666666666667,0.8666666666666667
lstm,330,0.7833333333333333,0.7666666666666667
abc,331,1,1
lstm,331,0.4666666666666667,0.45
abc,332,0.9333333333333333,0.9333333333333333
lstm,332,0.7,0.65
abc,333,1,1
lstm,333,0.9833333333333333,0.9833333333333333
abc,334,0.9833333333333333,0.9833333333333333
lstm,334,0.9833333333333333,0.9833333333333333
abc,335,0.95,0.95
lstm,335,0.95,0.95
abc,336,0.9333333333333333,0.9333333333333333
lstm,336,0.9833333333333333,0.9666666666666667
abc,337,0.9,0.8833333333333333
lstm,337,0.36666666666666664,0.3
abc,338,0.9333333333333333,0.9333333333333333
lstm,338,0.9666666666666667,0.9666666666666667
abc,339,0.9666666666666667,0.9666666666666667
lstm,339,0.9333333333333333,0.9333333333333333
abc,340,0.8,0.8
lstm,340,1,1
abc,341,0.9166666666666666,0.9166666666666666
lstm,341,0.9166666666666666,0.9166666666666666
abc,342,0.9833333333333333,0.9833333333333333
lstm,342,0.6333333333333333,0.6333333333333333
abc,343,0.8666666666666667,0.8666666666666667
lstm,343,0.6,0.5166666666666667
abc,344,1,1
lstm,344,1,0.9833333333333333
abc,345,1,1
lstm,345,0.9666666666666667,0.9666666666666667
abc,346,0.8666666666666667,0.8333333333333334
lstm,346,0.35,0.3333333333333333
abc,347,0.65,0.6166666666666667
lstm,347,0.48333333333333334,0.48333333333333334
abc,348,0.85,0.85
lstm,348,0.95,0.95
abc,349,0.9166666666666666,0.9166666666666666
lstm,349,0.7166666666666667,0.7
abc,350,0.8833333333333333,0.8833333333333333
lstm,350,0.7,0.7
abc,351,0.9833333333333333,0.9833333333333333
lstm,351,0.9666666666666667,0.9666666666666667
abc,352,0.9166666666666666,0.9166666666666666
lstm,352,0.7166666666666667,0.7166666666666667
abc,353,0.9666666666666667,0.9666666666666667
lstm,353,0.9,0.9
abc,354,0.9,0.9
lstm,354,0.9166666666666666,0.9166666666666666
abc,355,0.9833333333333333,0.9833333333333333
lstm,355,0.95,0.95
abc,356,0.7166666666666667,0.65
lstm,356,0.5,0.5
abc,357,0.9666666666666667,0.9666666666666667
lstm,357,0.9333333333333333,0.9333333333333333
abc,358,0.03333333333333333,0.03333333333333333
lstm,358,0.38333333333333336,0.38333333333333336
abc,359,1,1
lstm,359,0.48333333333333334,0.48333333333333334
abc,360,1,1
lstm,360,1,1
abc,361,0.9666666666666667,0.9666666666666667
lstm,361,1,1
abc,362,0.8833333333333333,0.85
lstm,362,0.6166666666666667,0.5166666666666667
abc,363,0.95,0.95
lstm,363,0.5166666666666667,0.5
abc,364,0.5833333333333334,0.5833333333333334
lstm,364,0.35,0.35
abc,365,0.9333333333333333,0.9333333333333333
lstm,365,0.85,0.8333333333333334
abc,366,0.9,0.9
lstm,366,0.9666666666666667,0.9666666666666667
abc,367,0.9833333333333333,0.9833333333333333
lstm,367,0.9666666666666667,0.9666666666666667
abc,368,0.9166666666666666,0.9166666666666666
lstm,368,0.9166666666666666,0.9
abc,369,0.95,0.95
lstm,369,0.9166666666666666,0.9
abc,370,0.9,0.9
lstm,370,0.6166666666666667,0.5833333333333334
abc,371,0.7666666666666667,0.75
lstm,371,0.7666666666666667,0.7166666666666667
abc,372,1,1
lstm,372,0.85,0.85
abc,373,1,1
lstm,373,1,1
abc,374,1,1
lstm,374,0.8833333333333333,0.8833333333333333
abc,375,0.9,0.9
lstm,375,0.8833333333333333,0.8833333333333333
abc,376,0.95,0.95
lstm,376,0.9666666666666667,0.9666666666666667
abc,377,0.9166666666666666,0.9166666666666666
lstm,377,0.6166666666666667,0.5166666666666667
abc,378,0.9333333333333333,0.9333333333333333
lstm,378,0.9833333333333333,0.9833333333333333
abc,379,1,1
lstm,379,0.9833333333333333,0.9666666666666667
abc,380,0.95,0.95
lstm,380,0.9666666666666667,0.95
abc,381,0.8833333333333333,0.8833333333333333
lstm,381,0.9166666666666666,0.9166666666666666
abc,382,0.8166666666666667,0.8166666666666667
lstm,382,0.31666666666666665,0.3
abc,383,0.15,0.11666666666666667
lstm,383,0.9833333333333333,0.9833333333333333
abc,384,0.9833333333333333,0.9666666666666667
lstm,384,0.9833333333333333,0.9833333333333333
abc,385,0.9333333333333333,0.9333333333333333
lstm,385,0.9666666666666667,0.9666666666666667
abc,386,1,1
lstm,386,0.9166666666666666,0.9166666666666666
abc,387,0.9666666666666667,0.9666666666666667
lstm,387,0.9666666666666667,0.9666666666666667
abc,388,0.9166666666666666,0.9166666666666666
lstm,388,0.8833333333333333,0.8833333333333333
abc,389,0.9166666666666666,0.9166666666666666
lstm,389,0.8333333333333334,0.8333333333333334
abc,390,0.85,0.8333333333333334
lstm,390,0.43333333333333335,0.43333333333333335
abc,391,0.4666666666666667,0.21666666666666667
lstm,391,0.95,0.95
abc,392,0.8,0.7666666666666667
lstm,392,0.4,0.4
abc,393,0.9333333333333333,0.9333333333333333
lstm,393,0.85,0.8333333333333334
abc,394,0.8833333333333333,0.8833333333333333
lstm,394,0.95,0.9333333333333333
abc,395,0.9666666666666667,0.9666666666666667
lstm,395,1,1
abc,396,0.85,0.85
lstm,396,0.5666666666666667,0.55
abc,397,0.9833333333333333,0.9833333333333333
lstm,397,0.9833333333333333,0.9833333333333333
abc,398,0.2833333333333333,0.21666666666666667
lstm,398,0.6833333333333333,0.6333333333333333
abc,399,0.9666666666666667,0.9666666666666667
lstm,399,0.95,0.95
abc,400,1,1
lstm,400,1,1
abc,401,1,1
lstm,401,0.85,0.8333333333333334
abc,402,0.95,0.95
lstm,402,0.95,0.95
abc,403,0.9833333333333333,0.9833333333333333
lstm,403,0.9833333333333333,0.9833333333333333
abc,404,0.6,0.5666666666666667
lstm,404,0.45,0.45
abc,405,0.8833333333333333,0.8833333333333333
lstm,405,0.48333333333333334,0.4
abc,406,0.9666666666666667,0.9666666666666667
lstm,406,0.6666666666666666,0.65
abc,407,0.9333333333333333,0.9333333333333333
lstm,407,0.9166666666666666,0.9166666666666666
abc,408,0.9666666666666667,0.9666666666666667
lstm,408,0.95,0.95
abc,409,0.9,0.9
lstm,409,0.9333333333333333,0.9333333333333333
abc,410,0.9666666666666667,0.9666666666666667
lstm,410,0.5333333333333333,0.4666666666666667
abc,411,0.95,0.9333333333333333
lstm,411,0.75,0.7166666666666667
abc,412,0.8,0.7666666666666667
lstm,412,0.6333333333333333,0.6
abc,413,0.9833333333333333,0.9833333333333333
lstm,413,1,1
abc,414,0.85,0.85
lstm,414,0.8833333333333333,0.8833333333333333
abc,415,0.9666666666666667,0.95
lstm,415,0.9666666666666667,0.9666666666666667
abc,416,1,1
lstm,416,1,1
abc,417,0.9666666666666667,0.9666666666666667
lstm,417,0.9833333333333333,0.9833333333333333
abc,418,0.9833333333333333,0.9833333333333333
lstm,418,0.9833333333333333,0.9833333333333333
abc,419,0.9833333333333333,0.9833333333333333
lstm,419,0.7833333333333333,0.6833333333333333
abc,420,1,1
lstm,420,0.9833333333333333,0.9833333333333333
abc,421,1,1
lstm,421,1,1
abc,422,0.9666666666666667,0.9666666666666667
lstm,422,0.95,0.95
abc,423,0.9833333333333333,0.9833333333333333
lstm,423,0.7333333333333333,0.7166666666666667
abc,424,1,1
lstm,424,1,1
abc,425,0.8833333333333333,0.8833333333333333
lstm,425,0.9166666666666666,0.9166666666666666
abc,426,0.95,0.95
lstm,426,0.9833333333333333,0.9833333333333333
abc,427,0.9666666666666667,0.9666666666666667
lstm,427,0.5833333333333334,0.5166666666666667
abc,428,1,1
lstm,428,1,1
abc,429,0.9833333333333333,0.9833333333333333
lstm,429,0.75,0.75
abc,430,0.9833333333333333,0.9833333333333333
lstm,430,0.65,0.6333333333333333
abc,431,1,1
lstm,431,0.6333333333333333,0.5833333333333334
abc,432,0.9333333333333333,0.9333333333333333
lstm,432,0.9333333333333333,0.9166666666666666
abc,433,0.9,0.9
lstm,433,0.9166666666666666,0.9166666666666666
abc,434,0.9333333333333333,0.9333333333333333
lstm,434,0.6666666666666666,0.6333333333333333
abc,435,0.95,0.95
lstm,435,0.9833333333333333,0.9833333333333333
abc,436,0.85,0.85
lstm,436,0.5,0.36666666666666664
abc,437,0.9666666666666667,0.9666666666666667
lstm,437,0.9833333333333333,0.9833333333333333
abc,438,0.21666666666666667,0.2
lstm,438,0.8333333333333334,0.8333333333333334
abc,439,0.9,0.9
lstm,439,0.9,0.8833333333333333
abc,440,0.8666666666666667,0.85
lstm,440,0.5666666666666667,0.55
abc,441,0.85,0.85
lstm,441,0.5833333333333334,0.5166666666666667
abc,442,1,1
lstm,442,0.6833333333333333,0.65
abc,443,0.5666666666666667,0.5166666666666667
lstm,443,0.45,0.45
abc,444,0.7,0.7
lstm,444,0.5,0.5
abc,445,0.9333333333333333,0.9333333333333333
lstm,445,0.9833333333333333,0.9833333333333333
abc,446,0.9666666666666667,0.9666666666666667
lstm,446,0.9166666666666666,0.9166666666666666
abc,447,0.85,0.8333333333333334
lstm,447,0.9666666666666667,0.95
abc,448,0.8833333333333333,0.8833333333333333
lstm,448,0.5166666666666667,0.48333333333333334
abc,449,1,1
lstm,449,1,1
abc,450,0.85,0.8333333333333334
lstm,450,0.43333333333333335,0.43333333333333335
abc,451,0.8833333333333333,0.8833333333333333
lstm,451,0.5166666666666667,0.36666666666666664
abc,452,1,1
lstm,452,0.9,0.9
abc,453,1,1
lstm,453,1,1
abc,454,0.9166666666666666,0.9166666666666666
lstm,454,0.9333333333333333,0.9333333333333333
abc,455,0.9666666666666667,0.9666666666666667
lstm,455,0.9833333333333333,0.9833333333333333
abc,456,0.8833333333333333,0.8833333333333333
lstm,456,0.45,0.4166666666666667
abc,457,1,1
lstm,457,1,1
abc,458,0.48333333333333334,0.48333333333333334
lstm,458,0.03333333333333333,0.03333333333333333
abc,459,0.9833333333333333,0.9833333333333333
lstm,459,0.9666666666666667,0.9666666666666667
abc,460,0.9666666666666667,0.9666666666666667
lstm,460,0.4666666666666667,0.38333333333333336
abc,461,0.2,0.18333333333333332
lstm,461,0.8666666666666667,0.8666666666666667
abc,462,0.9333333333333333,0.9166666666666666
lstm,462,0.95,0.95
abc,463,1,1
lstm,463,0.95,0.95
abc,464,0.9166666666666666,0.9
lstm,464,0.9166666666666666,0.9166666666666666
abc,465,0.9833333333333333,0.9833333333333333
lstm,465,0.9833333333333333,0.9666666666666667
abc,466,0.9166666666666666,0.9166666666666666
lstm,466,0.9166666666666666,0.9166666666666666
abc,467,0.9833333333333333,0.9833333333333333
lstm,467,1,1
abc,468,1,1
lstm,468,0.7333333333333333,0.7166666666666667
abc,469,0.9,0.9
lstm,469,0.9833333333333333,0.9833333333333333
abc,470,0.16666666666666666,0.13333333333333333
lstm,470,0.85,0.85
abc,471,1,1
lstm,471,0.95,0.95
abc,472,0.9166666666666666,0.9166666666666666
lstm,472,0.9666666666666667,0.9666666666666667
abc,473,0.8,0.7833333333333333
lstm,473,0.5166666666666667,0.5166666666666667
abc,474,0.8833333333333333,0.8833333333333333
lstm,474,0.7666666666666667,0.7166666666666667
abc,475,0.7,0.7
lstm,475,0.55,0.55
abc,476,0.9166666666666666,0.9166666666666666
lstm,476,0.8333333333333334,0.8333333333333334
abc,477,1,1
lstm,477,0.9666666666666667,0.9666666666666667
abc,478,1,1
lstm,478,0.9833333333333333,0.9833333333333333
abc,479,0.95,0.95
lstm,479,0.9833333333333333,0.9833333333333333
abc,480,0.9833333333333333,0.9833333333333333
lstm,480,0.9833333333333333,0.9833333333333333
abc,481,1,1
lstm,481,1,1
abc,482,0.7666666666666667,0.7333333333333333
lstm,482,0.3333333333333333,0.3333333333333333
abc,483,0.8666666666666667,0.8666666666666667
lstm,483,0.8833333333333333,0.8833333333333333
abc,484,0.9166666666666666,0.9166666666666666
lstm,484,1,1
abc,485,0.8,0.8
lstm,485,0.38333333333333336,0.38333333333333336
abc,486,0.9666666666666667,0.9666666666666667
lstm,486,1,0.9833333333333333
abc,487,0.9166666666666666,0.9166666666666666
lstm,487,0.8833333333333333,0.8833333333333333
abc,488,1,1
lstm,488,0.9833333333333333,0.9833333333333333
abc,489,0.8333333333333334,0.8
lstm,489,0.3333333333333333,0.31666666666666665
abc,490,0.8666666666666667,0.8666666666666667
lstm,490,0.9,0.9
abc,491,0.6833333333333333,0.6833333333333333
lstm,491,0.43333333333333335,0.43333333333333335
abc,492,0.9,0.9
lstm,492,0.9333333333333333,0.9333333333333333
abc,493,0.9833333333333333,0.9833333333333333
lstm,493,0.9166666666666666,0.9166666666666666
abc,494,0.9666666666666667,0.9666666666666667
lstm,494,0.9666666666666667,0.9666666666666667
abc,495,0.15,0.1
lstm,495,0.9166666666666666,0.9166666666666666
abc,496,0.9333333333333333,0.9333333333333333
lstm,496,0.7333333333333333,0.7166666666666667
abc,497,1,1
lstm,497,0.9833333333333333,0.9833333333333333
abc,498,0.95,0.95
lstm,498,0.8166666666666667,0.8166666666666667
abc,499,0.8666666666666667,0.8666666666666667
lstm,499,0.9166666666666666,0.9166666666666666
abc,500,0.16666666666666666,0.13333333333333333
lstm,500,0.9,0.9
abc,501,1,1
lstm,501,0.9666666666666667,0.9666666666666667
abc,502,1,0.9833333333333333
lstm,502,0.9833333333333333,0.9833333333333333
abc,503,0.8,0.8
lstm,503,0.85,0.8333333333333334
abc,504,0.9833333333333333,0.9833333333333333
lstm,504,0.9666666666666667,0.9666666666666667
abc,505,0.7833333333333333,0.7833333333333333
lstm,505,1,1
abc,506,0.8666666666666667,0.85
lstm,506,0.9666666666666667,0.9666666666666667
abc,507,0.9833333333333333,0.9833333333333333
lstm,507,0.9833333333333333,0.9666666666666667
abc,508,0.95,0.95
lstm,508,0.5,0.5
abc,509,1,1
lstm,509,0.9833333333333333,0.9666666666666667
abc,510,1,0.9833333333333333
lstm,510,1,1
abc,511,1,1
lstm,511,0.8666666666666667,0.85
abc,512,0.9833333333333333,0.9833333333333333
lstm,512,1,1
abc,513,0.9833333333333333,0.9833333333333333
lstm,513,1,1
abc,514,0.8833333333333333,0.8833333333333333
lstm,514,0.95,0.95
abc,515,1,1
lstm,515,0.9833333333333333,0.9833333333333333
abc,516,0,0
lstm,516,0.9333333333333333,0.9333333333333333
abc,517,0.95,0.95
lstm,517,0.9166666666666666,0.9166666666666666
abc,518,0.9333333333333333,0.8833333333333333
lstm,518,0.5166666666666667,0.5166666666666667
abc,519,0.8833333333333333,0.8833333333333333
lstm,519,0.9166666666666666,0.9166666666666666
abc,520,0.9666666666666667,0.9666666666666667
lstm,520,0.9833333333333333,0.9833333333333333
abc,521,0.9666666666666667,0.9666666666666667
lstm,521,0.7333333333333333,0.7
abc,522,0.9666666666666667,0.9666666666666667
lstm,522,0.9,0.9
abc,523,0.65,0.6333333333333333
lstm,523,0.45,0.43333333333333335
abc,524,0.95,0.95
lstm,524,0.95,0.95
abc,525,0.9166666666666666,0.9166666666666666
lstm,525,0.48333333333333334,0.4166666666666667
abc,526,1,1
lstm,526,1,1
abc,527,0.9666666666666667,0.9666666666666667
lstm,527,0.9166666666666666,0.9166666666666666
abc,528,0.9,0.9
lstm,528,0.85,0.85
abc,529,0.9166666666666666,0.9
lstm,529,0.8166666666666667,0.8166666666666667
abc,530,0.8666666666666667,0.8666666666666667
lstm,530,0.5166666666666667,0.5166666666666667
abc,531,0.8,0.7833333333333333
lstm,531,0.55,0.55
abc,532,0.9,0.8833333333333333
lstm,532,0.6833333333333333,0.6666666666666666
abc,533,0.9833333333333333,0.9833333333333333
lstm,533,0.9333333333333333,0.9333333333333333
abc,534,1,1
lstm,534,0.9833333333333333,0.9833333333333333
abc,535,0.8833333333333333,0.8833333333333333
lstm,535,0.85,0.85
abc,536,0.9166666666666666,0.9166666666666666
lstm,536,0.8166666666666667,0.7333333333333333
abc,537,0.95,0.9333333333333333
lstm,537,0.8833333333333333,0.8333333333333334
abc,538,0.9833333333333333,0.9833333333333333
lstm,538,0.9833333333333333,0.9833333333333333
abc,539,1,1
lstm,539,0.9666666666666667,0.9666666666666667
abc,540,0.9333333333333333,0.9333333333333333
lstm,540,0.6,0.5666666666666667
abc,541,0.9666666666666667,0.9666666666666667
lstm,541,0.9,0.9
abc,542,0.8833333333333333,0.8833333333333333
lstm,542,0.8833333333333333,0.8333333333333334
abc,543,0.9,0.9
lstm,543,0.7333333333333333,0.7
abc,544,0.8833333333333333,0.8833333333333333
lstm,544,0.6166666666666667,0.6
abc,545,0.85,0.8333333333333334
lstm,545,0.8166666666666667,0.7666666666666667
abc,546,0.9666666666666667,0.9666666666666667
lstm,546,0.9666666666666667,0.9666666666666667
abc,547,0.9,0.9
lstm,547,0.95,0.95
abc,548,0.95,0.95
lstm,548,0.9333333333333333,0.9333333333333333
abc,549,0.9833333333333333,0.9833333333333333
lstm,549,0.9333333333333333,0.9333333333333333
abc,550,0.9333333333333333,0.9333333333333333
lstm,550,0.9333333333333333,0.9166666666666666
abc,551,0.5666666666666667,0.38333333333333336
lstm,551,0.6166666666666667,0.5333333333333333
abc,552,0.5333333333333333,0.5
lstm,552,0.9666666666666667,0.95
abc,553,0.9333333333333333,0.9333333333333333
lstm,553,0.9166666666666666,0.9166666666666666
abc,554,1,1
lstm,554,1,1
abc,555,0.95,0.95
lstm,555,0.9666666666666667,0.9666666666666667
abc,556,0.95,0.95
lstm,556,0.9833333333333333,0.9833333333333333
abc,557,0.21666666666666667,0.15
lstm,557,0.6666666666666666,0.5166666666666667
abc,558,0.9,0.9
lstm,558,0.6333333333333333,0.55
abc,559,1,1
lstm,559,0.85,0.8166666666666667
abc,560,0.16666666666666666,0.13333333333333333
lstm,560,0.9666666666666667,0.9666666666666667
abc,561,0.95,0.95
lstm,561,0.9333333333333333,0.9333333333333333
abc,562,0.9,0.9
lstm,562,0.45,0.38333333333333336
abc,563,0.95,0.95
lstm,563,0.8666666666666667,0.8333333333333334
abc,564,0.2,0.2
lstm,564,0.31666666666666665,0.31666666666666665
abc,565,0.9333333333333333,0.9333333333333333
lstm,565,1,1
abc,566,0.9666666666666667,0.9666666666666667
lstm,566,0.8833333333333333,0.8833333333333333
abc,567,0.9333333333333333,0.9333333333333333
lstm,567,0.9666666666666667,0.9666666666666667
abc,568,0.6666666666666666,0.65
lstm,568,0.3,0.3
abc,569,0.95,0.95
lstm,569,0.8833333333333333,0.8833333333333333
abc,570,0.95,0.95
lstm,570,0.95,0.95
abc,571,0.16666666666666666,0.16666666666666666
lstm,571,0.9666666666666667,0.9666666666666667
abc,572,0.9666666666666667,0.9666666666666667
lstm,572,0.85,0.8333333333333334
abc,573,1,1
lstm,573,0.75,0.75
abc,574,0.9833333333333333,0.9833333333333333
lstm,574,1,1
abc,575,0.9166666666666666,0.9166666666666666
lstm,575,0.9166666666666666,0.9166666666666666
abc,576,0.9,0.9
lstm,576,0.5833333333333334,0.55
abc,577,0.9333333333333333,0.9333333333333333
lstm,577,0.9333333333333333,0.9333333333333333
abc,578,0.9166666666666666,0.9166666666666666
lstm,578,0.9166666666666666,0.9166666666666666
abc,579,0.9833333333333333,0.9666666666666667
lstm,579,0.9666666666666667,0.9666666666666667
abc,580,0.9333333333333333,0.9333333333333333
lstm,580,0.9,0.9
abc,581,0.9833333333333333,0.9833333333333333
lstm,581,0.9666666666666667,0.9666666666666667
abc,582,1,1
lstm,582,0.9666666666666667,0.9666666666666667
abc,583,0.9333333333333333,0.9333333333333333
lstm,583,0.8166666666666667,0.7833333333333333
abc,584,0.9666666666666667,0.9666666666666667
lstm,584,0.9333333333333333,0.9333333333333333
abc,585,1,0.9833333333333333
lstm,585,0.9833333333333333,0.9833333333333333
abc,586,0.18333333333333332,0.13333333333333333
lstm,586,0.9333333333333333,0.9333333333333333
abc,587,0.9333333333333333,0.9333333333333333
lstm,587,0.95,0.95
abc,588,0.9833333333333333,0.9833333333333333
lstm,588,0.9833333333333333,0.9833333333333333
abc,589,0.8833333333333333,0.8833333333333333
lstm,589,0.9,0.9
abc,590,0.9833333333333333,0.9833333333333333
lstm,590,0.9833333333333333,0.9833333333333333
abc,591,0.95,0.95
lstm,591,0.9833333333333333,0.9833333333333333
abc,592,0.8166666666666667,0.8166666666666667
lstm,592,0.6833333333333333,0.6666666666666666
abc,593,1,1
lstm,593,0.9666666666666667,0.9666666666666667
abc,594,0.95,0.95
lstm,594,0.9,0.9
abc,595,0.8833333333333333,0.8833333333333333
lstm,595,0.9166666666666666,0.9166666666666666
abc,596,1,1
lstm,596,1,1
abc,597,0.85,0.85
lstm,597,0.8666666666666667,0.8666666666666667
abc,598,0.95,0.95
lstm,598,0.9333333333333333,0.9333333333333333
abc,599,0.95,0.95
lstm,599,0.95,0.95
abc,600,0.95,0.95
lstm,600,0.9833333333333333,0.9833333333333333
